stage;len;k;j;j+len;zetas[k];r[j]_in;r[j+len]_in;zetas[k]_hex;r[j]_in_hex;r[j+len]_in_hex;r[j]_out;r[j+len]_out;r[j]_out_hex;r[j+len]_out_hex
1;128;1;0;128;-758;0;0;0xfd0a;0x0;0x0;0;0;0x0;0x0
1;128;1;1;129;-758;-2;0;0xfd0a;0xfffe;0x0;-2;-2;0xfffe;0xfffe
1;128;1;2;130;-758;0;-1;0xfd0a;0x0;0xffff;1600;-1600;0x640;0xf9c0
1;128;1;3;131;-758;2;0;0xfd0a;0x2;0x0;2;2;0x2;0x2
1;128;1;4;132;-758;-2;0;0xfd0a;0xfffe;0x0;-2;-2;0xfffe;0xfffe
1;128;1;5;133;-758;-2;1;0xfd0a;0xfffe;0x1;-1602;1598;0xf9be;0x63e
1;128;1;6;134;-758;1;-1;0xfd0a;0x1;0xffff;1601;-1599;0x641;0xf9c1
1;128;1;7;135;-758;-1;2;0xfd0a;0xffff;0x2;128;-130;0x80;0xff7e
1;128;1;8;136;-758;1;0;0xfd0a;0x1;0x0;1;1;0x1;0x1
1;128;1;9;137;-758;-1;1;0xfd0a;0xffff;0x1;-1601;1599;0xf9bf;0x63f
1;128;1;10;138;-758;0;0;0xfd0a;0x0;0x0;0;0;0x0;0x0
1;128;1;11;139;-758;2;1;0xfd0a;0x2;0x1;-1598;1602;0xf9c2;0x642
1;128;1;12;140;-758;0;2;0xfd0a;0x0;0x2;129;-129;0x81;0xff7f
1;128;1;13;141;-758;0;0;0xfd0a;0x0;0x0;0;0;0x0;0x0
1;128;1;14;142;-758;1;0;0xfd0a;0x1;0x0;1;1;0x1;0x1
1;128;1;15;143;-758;-1;-1;0xfd0a;0xffff;0xffff;1599;-1601;0x63f;0xf9bf
1;128;1;16;144;-758;1;0;0xfd0a;0x1;0x0;1;1;0x1;0x1
1;128;1;17;145;-758;0;-1;0xfd0a;0x0;0xffff;1600;-1600;0x640;0xf9c0
1;128;1;18;146;-758;1;0;0xfd0a;0x1;0x0;1;1;0x1;0x1
1;128;1;19;147;-758;2;1;0xfd0a;0x2;0x1;-1598;1602;0xf9c2;0x642
1;128;1;20;148;-758;-1;0;0xfd0a;0xffff;0x0;-1;-1;0xffff;0xffff
1;128;1;21;149;-758;0;-1;0xfd0a;0x0;0xffff;1600;-1600;0x640;0xf9c0
1;128;1;22;150;-758;1;0;0xfd0a;0x1;0x0;1;1;0x1;0x1
1;128;1;23;151;-758;-2;1;0xfd0a;0xfffe;0x1;-1602;1598;0xf9be;0x63e
1;128;1;24;152;-758;-1;-1;0xfd0a;0xffff;0xffff;1599;-1601;0x63f;0xf9bf
1;128;1;25;153;-758;0;0;0xfd0a;0x0;0x0;0;0;0x0;0x0
1;128;1;26;154;-758;-2;0;0xfd0a;0xfffe;0x0;-2;-2;0xfffe;0xfffe
1;128;1;27;155;-758;1;0;0xfd0a;0x1;0x0;1;1;0x1;0x1
1;128;1;28;156;-758;-1;2;0xfd0a;0xffff;0x2;128;-130;0x80;0xff7e
1;128;1;29;157;-758;1;0;0xfd0a;0x1;0x0;1;1;0x1;0x1
1;128;1;30;158;-758;0;0;0xfd0a;0x0;0x0;0;0;0x0;0x0
1;128;1;31;159;-758;0;1;0xfd0a;0x0;0x1;-1600;1600;0xf9c0;0x640
1;128;1;32;160;-758;-1;0;0xfd0a;0xffff;0x0;-1;-1;0xffff;0xffff
1;128;1;33;161;-758;0;0;0xfd0a;0x0;0x0;0;0;0x0;0x0
1;128;1;34;162;-758;0;0;0xfd0a;0x0;0x0;0;0;0x0;0x0
1;128;1;35;163;-758;0;0;0xfd0a;0x0;0x0;0;0;0x0;0x0
1;128;1;36;164;-758;1;-1;0xfd0a;0x1;0xffff;1601;-1599;0x641;0xf9c1
1;128;1;37;165;-758;0;1;0xfd0a;0x0;0x1;-1600;1600;0xf9c0;0x640
1;128;1;38;166;-758;-1;1;0xfd0a;0xffff;0x1;-1601;1599;0xf9bf;0x63f
1;128;1;39;167;-758;-2;-1;0xfd0a;0xfffe;0xffff;1598;-1602;0x63e;0xf9be
1;128;1;40;168;-758;0;-1;0xfd0a;0x0;0xffff;1600;-1600;0x640;0xf9c0
1;128;1;41;169;-758;2;0;0xfd0a;0x2;0x0;2;2;0x2;0x2
1;128;1;42;170;-758;0;0;0xfd0a;0x0;0x0;0;0;0x0;0x0
1;128;1;43;171;-758;1;-2;0xfd0a;0x1;0xfffe;-128;130;0xff80;0x82
1;128;1;44;172;-758;-1;0;0xfd0a;0xffff;0x0;-1;-1;0xffff;0xffff
1;128;1;45;173;-758;1;1;0xfd0a;0x1;0x1;-1599;1601;0xf9c1;0x641
1;128;1;46;174;-758;0;0;0xfd0a;0x0;0x0;0;0;0x0;0x0
1;128;1;47;175;-758;1;-1;0xfd0a;0x1;0xffff;1601;-1599;0x641;0xf9c1
1;128;1;48;176;-758;0;0;0xfd0a;0x0;0x0;0;0;0x0;0x0
1;128;1;49;177;-758;-2;2;0xfd0a;0xfffe;0x2;127;-131;0x7f;0xff7d
1;128;1;50;178;-758;0;1;0xfd0a;0x0;0x1;-1600;1600;0xf9c0;0x640
1;128;1;51;179;-758;0;1;0xfd0a;0x0;0x1;-1600;1600;0xf9c0;0x640
1;128;1;52;180;-758;0;-2;0xfd0a;0x0;0xfffe;-129;129;0xff7f;0x81
1;128;1;53;181;-758;-1;1;0xfd0a;0xffff;0x1;-1601;1599;0xf9bf;0x63f
1;128;1;54;182;-758;0;1;0xfd0a;0x0;0x1;-1600;1600;0xf9c0;0x640
1;128;1;55;183;-758;0;-1;0xfd0a;0x0;0xffff;1600;-1600;0x640;0xf9c0
1;128;1;56;184;-758;-2;0;0xfd0a;0xfffe;0x0;-2;-2;0xfffe;0xfffe
1;128;1;57;185;-758;-1;1;0xfd0a;0xffff;0x1;-1601;1599;0xf9bf;0x63f
1;128;1;58;186;-758;0;0;0xfd0a;0x0;0x0;0;0;0x0;0x0
1;128;1;59;187;-758;-1;-1;0xfd0a;0xffff;0xffff;1599;-1601;0x63f;0xf9bf
1;128;1;60;188;-758;-2;-2;0xfd0a;0xfffe;0xfffe;-131;127;0xff7d;0x7f
1;128;1;61;189;-758;1;0;0xfd0a;0x1;0x0;1;1;0x1;0x1
1;128;1;62;190;-758;0;0;0xfd0a;0x0;0x0;0;0;0x0;0x0
1;128;1;63;191;-758;0;-1;0xfd0a;0x0;0xffff;1600;-1600;0x640;0xf9c0
1;128;1;64;192;-758;-1;0;0xfd0a;0xffff;0x0;-1;-1;0xffff;0xffff
1;128;1;65;193;-758;-1;1;0xfd0a;0xffff;0x1;-1601;1599;0xf9bf;0x63f
1;128;1;66;194;-758;0;1;0xfd0a;0x0;0x1;-1600;1600;0xf9c0;0x640
1;128;1;67;195;-758;0;-1;0xfd0a;0x0;0xffff;1600;-1600;0x640;0xf9c0
1;128;1;68;196;-758;0;-1;0xfd0a;0x0;0xffff;1600;-1600;0x640;0xf9c0
1;128;1;69;197;-758;0;1;0xfd0a;0x0;0x1;-1600;1600;0xf9c0;0x640
1;128;1;70;198;-758;-2;0;0xfd0a;0xfffe;0x0;-2;-2;0xfffe;0xfffe
1;128;1;71;199;-758;0;1;0xfd0a;0x0;0x1;-1600;1600;0xf9c0;0x640
1;128;1;72;200;-758;0;0;0xfd0a;0x0;0x0;0;0;0x0;0x0
1;128;1;73;201;-758;0;0;0xfd0a;0x0;0x0;0;0;0x0;0x0
1;128;1;74;202;-758;-2;0;0xfd0a;0xfffe;0x0;-2;-2;0xfffe;0xfffe
1;128;1;75;203;-758;-1;2;0xfd0a;0xffff;0x2;128;-130;0x80;0xff7e
1;128;1;76;204;-758;-2;1;0xfd0a;0xfffe;0x1;-1602;1598;0xf9be;0x63e
1;128;1;77;205;-758;0;0;0xfd0a;0x0;0x0;0;0;0x0;0x0
1;128;1;78;206;-758;0;0;0xfd0a;0x0;0x0;0;0;0x0;0x0
1;128;1;79;207;-758;2;0;0xfd0a;0x2;0x0;2;2;0x2;0x2
1;128;1;80;208;-758;0;-1;0xfd0a;0x0;0xffff;1600;-1600;0x640;0xf9c0
1;128;1;81;209;-758;1;-1;0xfd0a;0x1;0xffff;1601;-1599;0x641;0xf9c1
1;128;1;82;210;-758;0;-2;0xfd0a;0x0;0xfffe;-129;129;0xff7f;0x81
1;128;1;83;211;-758;0;-1;0xfd0a;0x0;0xffff;1600;-1600;0x640;0xf9c0
1;128;1;84;212;-758;1;2;0xfd0a;0x1;0x2;130;-128;0x82;0xff80
1;128;1;85;213;-758;1;0;0xfd0a;0x1;0x0;1;1;0x1;0x1
1;128;1;86;214;-758;-1;1;0xfd0a;0xffff;0x1;-1601;1599;0xf9bf;0x63f
1;128;1;87;215;-758;1;2;0xfd0a;0x1;0x2;130;-128;0x82;0xff80
1;128;1;88;216;-758;0;1;0xfd0a;0x0;0x1;-1600;1600;0xf9c0;0x640
1;128;1;89;217;-758;0;0;0xfd0a;0x0;0x0;0;0;0x0;0x0
1;128;1;90;218;-758;0;-1;0xfd0a;0x0;0xffff;1600;-1600;0x640;0xf9c0
1;128;1;91;219;-758;0;0;0xfd0a;0x0;0x0;0;0;0x0;0x0
1;128;1;92;220;-758;-1;0;0xfd0a;0xffff;0x0;-1;-1;0xffff;0xffff
1;128;1;93;221;-758;-1;-1;0xfd0a;0xffff;0xffff;1599;-1601;0x63f;0xf9bf
1;128;1;94;222;-758;1;-1;0xfd0a;0x1;0xffff;1601;-1599;0x641;0xf9c1
1;128;1;95;223;-758;-1;1;0xfd0a;0xffff;0x1;-1601;1599;0xf9bf;0x63f
1;128;1;96;224;-758;0;-1;0xfd0a;0x0;0xffff;1600;-1600;0x640;0xf9c0
1;128;1;97;225;-758;-2;-1;0xfd0a;0xfffe;0xffff;1598;-1602;0x63e;0xf9be
1;128;1;98;226;-758;-1;-1;0xfd0a;0xffff;0xffff;1599;-1601;0x63f;0xf9bf
1;128;1;99;227;-758;1;-1;0xfd0a;0x1;0xffff;1601;-1599;0x641;0xf9c1
1;128;1;100;228;-758;0;-1;0xfd0a;0x0;0xffff;1600;-1600;0x640;0xf9c0
1;128;1;101;229;-758;2;-1;0xfd0a;0x2;0xffff;1602;-1598;0x642;0xf9c2
1;128;1;102;230;-758;2;0;0xfd0a;0x2;0x0;2;2;0x2;0x2
1;128;1;103;231;-758;1;-1;0xfd0a;0x1;0xffff;1601;-1599;0x641;0xf9c1
1;128;1;104;232;-758;-1;0;0xfd0a;0xffff;0x0;-1;-1;0xffff;0xffff
1;128;1;105;233;-758;-1;-1;0xfd0a;0xffff;0xffff;1599;-1601;0x63f;0xf9bf
1;128;1;106;234;-758;0;-1;0xfd0a;0x0;0xffff;1600;-1600;0x640;0xf9c0
1;128;1;107;235;-758;0;-1;0xfd0a;0x0;0xffff;1600;-1600;0x640;0xf9c0
1;128;1;108;236;-758;0;-2;0xfd0a;0x0;0xfffe;-129;129;0xff7f;0x81
1;128;1;109;237;-758;1;0;0xfd0a;0x1;0x0;1;1;0x1;0x1
1;128;1;110;238;-758;-1;0;0xfd0a;0xffff;0x0;-1;-1;0xffff;0xffff
1;128;1;111;239;-758;0;1;0xfd0a;0x0;0x1;-1600;1600;0xf9c0;0x640
1;128;1;112;240;-758;0;2;0xfd0a;0x0;0x2;129;-129;0x81;0xff7f
1;128;1;113;241;-758;0;0;0xfd0a;0x0;0x0;0;0;0x0;0x0
1;128;1;114;242;-758;1;0;0xfd0a;0x1;0x0;1;1;0x1;0x1
1;128;1;115;243;-758;-1;1;0xfd0a;0xffff;0x1;-1601;1599;0xf9bf;0x63f
1;128;1;116;244;-758;-1;0;0xfd0a;0xffff;0x0;-1;-1;0xffff;0xffff
1;128;1;117;245;-758;0;1;0xfd0a;0x0;0x1;-1600;1600;0xf9c0;0x640
1;128;1;118;246;-758;2;-1;0xfd0a;0x2;0xffff;1602;-1598;0x642;0xf9c2
1;128;1;119;247;-758;0;-1;0xfd0a;0x0;0xffff;1600;-1600;0x640;0xf9c0
1;128;1;120;248;-758;0;1;0xfd0a;0x0;0x1;-1600;1600;0xf9c0;0x640
1;128;1;121;249;-758;-1;-1;0xfd0a;0xffff;0xffff;1599;-1601;0x63f;0xf9bf
1;128;1;122;250;-758;0;1;0xfd0a;0x0;0x1;-1600;1600;0xf9c0;0x640
1;128;1;123;251;-758;0;0;0xfd0a;0x0;0x0;0;0;0x0;0x0
1;128;1;124;252;-758;1;1;0xfd0a;0x1;0x1;-1599;1601;0xf9c1;0x641
1;128;1;125;253;-758;0;-2;0xfd0a;0x0;0xfffe;-129;129;0xff7f;0x81
1;128;1;126;254;-758;1;2;0xfd0a;0x1;0x2;130;-128;0x82;0xff80
1;128;1;127;255;-758;-1;0;0xfd0a;0xffff;0x0;-1;-1;0xffff;0xffff
2;64;2;0;64;-359;0;-1;0xfe99;0x0;0xffff;749;-749;0x2ed;0xfd13
2;64;2;1;65;-359;-2;-1601;0xfe99;0xfffe;0xf9bf;707;-711;0x2c3;0xfd39
2;64;2;2;66;-359;1600;-1600;0xfe99;0x640;0xf9c0;1560;1640;0x618;0x668
2;64;2;3;67;-359;2;1600;0xfe99;0x2;0x640;42;-38;0x2a;0xffda
2;64;2;4;68;-359;-2;1600;0xfe99;0xfffe;0x640;38;-42;0x26;0xffd6
2;64;2;5;69;-359;-1602;-1600;0xfe99;0xf9be;0xf9c0;-1642;-1562;0xf996;0xf9e6
2;64;2;6;70;-359;1601;-2;0xfe99;0x641;0xfffe;3099;103;0xc1b;0x67
2;64;2;7;71;-359;128;-1600;0xfe99;0x80;0xf9c0;88;168;0x58;0xa8
2;64;2;8;72;-359;1;0;0xfe99;0x1;0x0;1;1;0x1;0x1
2;64;2;9;73;-359;-1601;0;0xfe99;0xf9bf;0x0;-1601;-1601;0xf9bf;0xf9bf
2;64;2;10;74;-359;0;-2;0xfe99;0x0;0xfffe;1498;-1498;0x5da;0xfa26
2;64;2;11;75;-359;-1598;128;0xfe99;0xf9c2;0x80;-929;-2267;0xfc5f;0xf725
2;64;2;12;76;-359;129;-1602;0xfe99;0x81;0xf9be;1587;-1329;0x633;0xfacf
2;64;2;13;77;-359;0;0;0xfe99;0x0;0x0;0;0;0x0;0x0
2;64;2;14;78;-359;1;0;0xfe99;0x1;0x0;1;1;0x1;0x1
2;64;2;15;79;-359;1599;2;0xfe99;0x63f;0x2;101;3097;0x65;0xc19
2;64;2;16;80;-359;1;1600;0xfe99;0x1;0x640;41;-39;0x29;0xffd9
2;64;2;17;81;-359;1600;1601;0xfe99;0x640;0x641;891;2309;0x37b;0x905
2;64;2;18;82;-359;1;-129;0xfe99;0x1;0xff7f;81;-79;0x51;0xffb1
2;64;2;19;83;-359;-1598;1600;0xfe99;0xf9c2;0x640;-1558;-1638;0xf9ea;0xf99a
2;64;2;20;84;-359;-1;130;0xfe99;0xffff;0x82;-830;828;0xfcc2;0x33c
2;64;2;21;85;-359;1600;1;0xfe99;0x640;0x1;851;2349;0x353;0x92d
2;64;2;22;86;-359;1;-1601;0xfe99;0x1;0xf9bf;710;-708;0x2c6;0xfd3c
2;64;2;23;87;-359;-1602;130;0xfe99;0xf9be;0x82;-2431;-773;0xf681;0xfcfb
2;64;2;24;88;-359;1599;-1600;0xfe99;0x63f;0xf9c0;1559;1639;0x617;0x667
2;64;2;25;89;-359;0;0;0xfe99;0x0;0x0;0;0;0x0;0x0
2;64;2;26;90;-359;-2;1600;0xfe99;0xfffe;0x640;38;-42;0x26;0xffd6
2;64;2;27;91;-359;1;0;0xfe99;0x1;0x0;1;1;0x1;0x1
2;64;2;28;92;-359;128;-1;0xfe99;0x80;0xffff;877;-621;0x36d;0xfd93
2;64;2;29;93;-359;1;1599;0xfe99;0x1;0x63f;790;-788;0x316;0xfcec
2;64;2;30;94;-359;0;1601;0xfe99;0x0;0x641;-709;709;0xfd3b;0x2c5
2;64;2;31;95;-359;-1600;-1601;0xfe99;0xf9c0;0xf9bf;-891;-2309;0xfc85;0xf6fb
2;64;2;32;96;-359;-1;1600;0xfe99;0xffff;0x640;39;-41;0x27;0xffd7
2;64;2;33;97;-359;0;1598;0xfe99;0x0;0x63e;1538;-1538;0x602;0xf9fe
2;64;2;34;98;-359;0;1599;0xfe99;0x0;0x63f;789;-789;0x315;0xfceb
2;64;2;35;99;-359;0;1601;0xfe99;0x0;0x641;-709;709;0xfd3b;0x2c5
2;64;2;36;100;-359;1601;1600;0xfe99;0x641;0x640;1641;1561;0x669;0x619
2;64;2;37;101;-359;-1600;1602;0xfe99;0xf9c0;0x642;-3058;-142;0xf40e;0xff72
2;64;2;38;102;-359;-1601;2;0xfe99;0xf9bf;0x2;-3099;-103;0xf3e5;0xff99
2;64;2;39;103;-359;1598;1601;0xfe99;0x63e;0x641;889;2307;0x379;0x903
2;64;2;40;104;-359;1600;-1;0xfe99;0x640;0xffff;2349;851;0x92d;0x353
2;64;2;41;105;-359;2;1599;0xfe99;0x2;0x63f;791;-787;0x317;0xfced
2;64;2;42;106;-359;0;1600;0xfe99;0x0;0x640;40;-40;0x28;0xffd8
2;64;2;43;107;-359;-128;1600;0xfe99;0xff80;0x640;-88;-168;0xffa8;0xff58
2;64;2;44;108;-359;-1;-129;0xfe99;0xffff;0xff7f;79;-81;0x4f;0xffaf
2;64;2;45;109;-359;-1599;1;0xfe99;0xf9c1;0x1;-2348;-850;0xf6d4;0xfcae
2;64;2;46;110;-359;0;-1;0xfe99;0x0;0xffff;749;-749;0x2ed;0xfd13
2;64;2;47;111;-359;1601;-1600;0xfe99;0x641;0xf9c0;1561;1641;0x619;0x669
2;64;2;48;112;-359;0;129;0xfe99;0x0;0x81;-80;80;0xffb0;0x50
2;64;2;49;113;-359;127;0;0xfe99;0x7f;0x0;127;127;0x7f;0x7f
2;64;2;50;114;-359;-1600;1;0xfe99;0xf9c0;0x1;-2349;-851;0xf6d3;0xfcad
2;64;2;51;115;-359;-1600;-1601;0xfe99;0xf9c0;0xf9bf;-891;-2309;0xfc85;0xf6fb
2;64;2;52;116;-359;-129;-1;0xfe99;0xff7f;0xffff;620;-878;0x26c;0xfc92
2;64;2;53;117;-359;-1601;-1600;0xfe99;0xf9bf;0xf9c0;-1641;-1561;0xf997;0xf9e7
2;64;2;54;118;-359;-1600;1602;0xfe99;0xf9c0;0x642;-3058;-142;0xf40e;0xff72
2;64;2;55;119;-359;1600;1600;0xfe99;0x640;0x640;1640;1560;0x668;0x618
2;64;2;56;120;-359;-2;-1600;0xfe99;0xfffe;0xf9c0;-42;38;0xffd6;0x26
2;64;2;57;121;-359;-1601;1599;0xfe99;0xf9bf;0x63f;-812;-2390;0xfcd4;0xf6aa
2;64;2;58;122;-359;0;-1600;0xfe99;0x0;0xf9c0;-40;40;0xffd8;0x28
2;64;2;59;123;-359;1599;0;0xfe99;0x63f;0x0;1599;1599;0x63f;0x63f
2;64;2;60;124;-359;-131;-1599;0xfe99;0xff7d;0xf9c1;-920;658;0xfc68;0x292
2;64;2;61;125;-359;1;-129;0xfe99;0x1;0xff7f;81;-79;0x51;0xffb1
2;64;2;62;126;-359;0;130;0xfe99;0x0;0x82;-829;829;0xfcc3;0x33d
2;64;2;63;127;-359;1600;-1;0xfe99;0x640;0xffff;2349;851;0x92d;0x353
2;64;3;128;192;-1517;0;-1;0xfa13;0x0;0xffff;40;-40;0x28;0xffd8
2;64;3;129;193;-1517;-2;1599;0xfa13;0xfffe;0x63f;-711;707;0xfd39;0x2c3
2;64;3;130;194;-1517;-1600;1600;0xfa13;0xf9c0;0x640;-2349;-851;0xf6d3;0xfcad
2;64;3;131;195;-1517;2;-1600;0xfa13;0x2;0xf9c0;751;-747;0x2ef;0xfd15
2;64;3;132;196;-1517;-2;-1600;0xfa13;0xfffe;0xf9c0;747;-751;0x2eb;0xfd11
2;64;3;133;197;-1517;1598;1600;0xfa13;0x63e;0x640;849;2347;0x351;0x92b
2;64;3;134;198;-1517;-1599;-2;0xfa13;0xf9c1;0xfffe;-1519;-1679;0xfa11;0xf971
2;64;3;135;199;-1517;-130;1600;0xfa13;0xff7e;0x640;-879;619;0xfc91;0x26b
2;64;3;136;200;-1517;1;0;0xfa13;0x1;0x0;1;1;0x1;0x1
2;64;3;137;201;-1517;1599;0;0xfa13;0x63f;0x0;1599;1599;0x63f;0x63f
2;64;3;138;202;-1517;0;-2;0xfa13;0x0;0xfffe;80;-80;0x50;0xffb0
2;64;3;139;203;-1517;1602;-130;0xfa13;0x642;0xff7e;144;3060;0x90;0xbf4
2;64;3;140;204;-1517;-129;1598;0xfa13;0xff7f;0x63e;-798;540;0xfce2;0x21c
2;64;3;141;205;-1517;0;0;0xfa13;0x0;0x0;0;0;0x0;0x0
2;64;3;142;206;-1517;1;0;0xfa13;0x1;0x0;1;1;0x1;0x1
2;64;3;143;207;-1517;-1601;2;0xfa13;0xf9bf;0x2;-1681;-1521;0xf96f;0xfa0f
2;64;3;144;208;-1517;1;-1600;0xfa13;0x1;0xf9c0;750;-748;0x2ee;0xfd14
2;64;3;145;209;-1517;-1600;-1599;0xfa13;0xf9c0;0xf9c1;-891;-2309;0xfc85;0xf6fb
2;64;3;146;210;-1517;1;129;0xfa13;0x1;0x81;1499;-1497;0x5db;0xfa27
2;64;3;147;211;-1517;1602;-1600;0xfa13;0x642;0xf9c0;2351;853;0x92f;0x355
2;64;3;148;212;-1517;-1;-128;0xfa13;0xffff;0xff80;-1539;1537;0xf9fd;0x601
2;64;3;149;213;-1517;-1600;1;0xfa13;0xf9c0;0x1;-1640;-1560;0xf998;0xf9e8
2;64;3;150;214;-1517;1;1599;0xfa13;0x1;0x63f;-708;710;0xfd3c;0x2c6
2;64;3;151;215;-1517;1598;-128;0xfa13;0x63e;0xff80;60;3136;0x3c;0xc40
2;64;3;152;216;-1517;-1601;1600;0xfa13;0xf9bf;0x640;-2350;-852;0xf6d2;0xfcac
2;64;3;153;217;-1517;0;0;0xfa13;0x0;0x0;0;0;0x0;0x0
2;64;3;154;218;-1517;-2;-1600;0xfa13;0xfffe;0xf9c0;747;-751;0x2eb;0xfd11
2;64;3;155;219;-1517;1;0;0xfa13;0x1;0x0;1;1;0x1;0x1
2;64;3;156;220;-1517;-130;-1;0xfa13;0xff7e;0xffff;-90;-170;0xffa6;0xff56
2;64;3;157;221;-1517;1;-1601;0xfa13;0x1;0xf9bf;790;-788;0x316;0xfcec
2;64;3;158;222;-1517;0;-1599;0xfa13;0x0;0xf9c1;709;-709;0x2c5;0xfd3b
2;64;3;159;223;-1517;1600;1599;0xfa13;0x640;0x63f;891;2309;0x37b;0x905
2;64;3;160;224;-1517;-1;-1600;0xfa13;0xffff;0xf9c0;748;-750;0x2ec;0xfd12
2;64;3;161;225;-1517;0;-1602;0xfa13;0x0;0xf9be;829;-829;0x33d;0xfcc3
2;64;3;162;226;-1517;0;-1601;0xfa13;0x0;0xf9bf;789;-789;0x315;0xfceb
2;64;3;163;227;-1517;0;-1599;0xfa13;0x0;0xf9c1;709;-709;0x2c5;0xfd3b
2;64;3;164;228;-1517;-1599;-1600;0xfa13;0xf9c1;0xf9c0;-850;-2348;0xfcae;0xf6d4
2;64;3;165;229;-1517;1600;-1598;0xfa13;0x640;0xf9c2;2269;931;0x8dd;0x3a3
2;64;3;166;230;-1517;1599;2;0xfa13;0x63f;0x2;1519;1679;0x5ef;0x68f
2;64;3;167;231;-1517;-1602;-1599;0xfa13;0xf9be;0xf9c1;-893;-2311;0xfc83;0xf6f9
2;64;3;168;232;-1517;-1600;-1;0xfa13;0xf9c0;0xffff;-1560;-1640;0xf9e8;0xf998
2;64;3;169;233;-1517;2;-1601;0xfa13;0x2;0xf9bf;791;-787;0x317;0xfced
2;64;3;170;234;-1517;0;-1600;0xfa13;0x0;0xf9c0;749;-749;0x2ed;0xfd13
2;64;3;171;235;-1517;130;-1600;0xfa13;0x82;0xf9c0;879;-619;0x36f;0xfd95
2;64;3;172;236;-1517;-1;129;0xfa13;0xffff;0x81;1497;-1499;0x5d9;0xfa25
2;64;3;173;237;-1517;1601;1;0xfa13;0x641;0x1;1561;1641;0x619;0x669
2;64;3;174;238;-1517;0;-1;0xfa13;0x0;0xffff;40;-40;0x28;0xffd8
2;64;3;175;239;-1517;-1599;1600;0xfa13;0xf9c1;0x640;-2348;-850;0xf6d4;0xfcae
2;64;3;176;240;-1517;0;-129;0xfa13;0x0;0xff7f;-1498;1498;0xfa26;0x5da
2;64;3;177;241;-1517;-131;0;0xfa13;0xff7d;0x0;-131;-131;0xff7d;0xff7d
2;64;3;178;242;-1517;1600;1;0xfa13;0x640;0x1;1560;1640;0x618;0x668
2;64;3;179;243;-1517;1600;1599;0xfa13;0x640;0x63f;891;2309;0x37b;0x905
2;64;3;180;244;-1517;129;-1;0xfa13;0x81;0xffff;169;89;0xa9;0x59
2;64;3;181;245;-1517;1599;1600;0xfa13;0x63f;0x640;850;2348;0x352;0x92c
2;64;3;182;246;-1517;1600;-1598;0xfa13;0x640;0xf9c2;2269;931;0x8dd;0x3a3
2;64;3;183;247;-1517;-1600;-1600;0xfa13;0xf9c0;0xf9c0;-851;-2349;0xfcad;0xf6d3
2;64;3;184;248;-1517;-2;1600;0xfa13;0xfffe;0x640;-751;747;0xfd11;0x2eb
2;64;3;185;249;-1517;1599;-1601;0xfa13;0x63f;0xf9bf;2388;810;0x954;0x32a
2;64;3;186;250;-1517;0;1600;0xfa13;0x0;0x640;-749;749;0xfd13;0x2ed
2;64;3;187;251;-1517;-1601;0;0xfa13;0xf9bf;0x0;-1601;-1601;0xf9bf;0xf9bf
2;64;3;188;252;-1517;127;1601;0xfa13;0x7f;0x641;-662;916;0xfd6a;0x394
2;64;3;189;253;-1517;1;129;0xfa13;0x1;0x81;1499;-1497;0x5db;0xfa27
2;64;3;190;254;-1517;0;-128;0xfa13;0x0;0xff80;-1538;1538;0xf9fe;0x602
2;64;3;191;255;-1517;-1600;-1;0xfa13;0xf9c0;0xffff;-1560;-1640;0xf9e8;0xf998
3;32;4;0;32;1493;749;39;0x5d5;0x2ed;0x27;588;910;0x24c;0x38e
3;32;4;1;33;1493;707;1538;0x5d5;0x2c3;0x602;-606;2020;0xfda2;0x7e4
3;32;4;2;34;1493;1560;789;0x5d5;0x618;0x315;2144;976;0x860;0x3d0
3;32;4;3;35;1493;42;-709;0x5d5;0x2a;0xfd3b;1091;-1007;0x443;0xfc11
3;32;4;4;36;1493;38;1641;0x5d5;0x26;0x669;1202;-1126;0x4b2;0xfb9a
3;32;4;5;37;1493;-1642;-3058;0x5d5;0xf996;0xf40e;-1395;-1889;0xfa8d;0xf89f
3;32;4;6;38;1493;3099;-3099;0x5d5;0xc1b;0xf3e5;1552;4646;0x610;0x1226
3;32;4;7;39;1493;88;889;0x5d5;0x58;0x379;-1448;1624;0xfa58;0x658
3;32;4;8;40;1493;1;2349;0x5d5;0x1;0x92d;803;-801;0x323;0xfcdf
3;32;4;9;41;1493;-1601;791;0x5d5;0xf9bf;0x317;-2391;-811;0xf6a9;0xfcd5
3;32;4;10;42;1493;1498;40;0x5d5;0x5da;0x28;650;2346;0x28a;0x92a
3;32;4;11;43;1493;-929;-88;0x5d5;0xfc5f;0xffa8;-395;-1463;0xfe75;0xfa49
3;32;4;12;44;1493;1587;79;0x5d5;0x633;0x4f;578;2596;0x242;0xa24
3;32;4;13;45;1493;0;-2348;0x5d5;0x0;0xf6d4;-1489;1489;0xfa2f;0x5d1
3;32;4;14;46;1493;1;749;0x5d5;0x1;0x2ed;1433;-1431;0x599;0xfa69
3;32;4;15;47;1493;101;1561;0x5d5;0x65;0x619;-368;570;0xfe90;0x23a
3;32;4;16;48;1493;41;-80;0x5d5;0x29;0xffb0;-1592;1674;0xf9c8;0x68a
3;32;4;17;49;1493;891;127;0x5d5;0x37b;0x7f;196;1586;0xc4;0x632
3;32;4;18;50;1493;81;-2349;0x5d5;0x51;0xf6d3;-721;883;0xfd2f;0x373
3;32;4;19;51;1493;-1558;-891;0x5d5;0xf9ea;0xfc85;-1977;-1139;0xf847;0xfb8d
3;32;4;20;52;1493;-830;620;0x5d5;0xfcc2;0x26c;-658;-1002;0xfd6e;0xfc16
3;32;4;21;53;1493;851;-1641;0x5d5;0x353;0xf997;-313;2015;0xfec7;0x7df
3;32;4;22;54;1493;710;-3058;0x5d5;0x2c6;0xf40e;957;463;0x3bd;0x1cf
3;32;4;23;55;1493;-2431;1640;0x5d5;0xf681;0x668;-3909;-953;0xf0bb;0xfc47
3;32;4;24;56;1493;1559;-42;0x5d5;0x617;0xffd6;452;2666;0x1c4;0xa6a
3;32;4;25;57;1493;0;-812;0x5d5;0x0;0xfcd4;-1428;1428;0xfa6c;0x594
3;32;4;26;58;1493;38;-40;0x5d5;0x26;0xffd8;886;-810;0x376;0xfcd6
3;32;4;27;59;1493;1;1599;0x5d5;0x1;0x63f;58;-56;0x3a;0xffc8
3;32;4;28;60;1493;877;-920;0x5d5;0x36d;0xfc68;407;1347;0x197;0x543
3;32;4;29;61;1493;790;81;0x5d5;0x316;0x51;1736;-156;0x6c8;0xff64
3;32;4;30;62;1493;-709;-829;0x5d5;0xfd3b;0xfcc3;-445;-973;0xfe43;0xfc33
3;32;4;31;63;1493;-891;2349;0x5d5;0xfc85;0x92d;-89;-1693;0xffa7;0xf963
3;32;5;64;96;1422;-749;-41;0x58e;0xfd13;0xffd7;53;-1551;0x35;0xf9f1
3;32;5;65;97;1422;-711;-1538;0x58e;0xfd39;0xf9fe;-912;-510;0xfc70;0xfe02
3;32;5;66;98;1422;1640;-789;0x58e;0x668;0xfceb;591;2689;0x24f;0xa81
3;32;5;67;99;1422;-38;709;0x58e;0xffda;0x2c5;546;-622;0x222;0xfd92
3;32;5;68;100;1422;-42;1561;0x58e;0xffd6;0x619;1333;-1417;0x535;0xfa77
3;32;5;69;101;1422;-1562;-142;0x58e;0xf9e6;0xff72;-1139;-1985;0xfb8d;0xf83f
3;32;5;70;102;1422;103;-103;0x58e;0x67;0xff99;-1536;1742;0xfa00;0x6ce
3;32;5;71;103;1422;168;2307;0x58e;0xa8;0x903;-1195;1531;0xfb55;0x5fb
3;32;5;72;104;1422;1;851;0x58e;0x1;0x353;162;-160;0xa2;0xff60
3;32;5;73;105;1422;-1601;-787;0x58e;0xf9bf;0xfced;-1390;-1812;0xfa92;0xf8ec
3;32;5;74;106;1422;-1498;-40;0x58e;0xfa26;0xffd8;-66;-2930;0xffbe;0xf48e
3;32;5;75;107;1422;-2267;-168;0x58e;0xf725;0xff58;-1579;-2955;0xf9d5;0xf475
3;32;5;76;108;1422;-1329;-81;0x58e;0xfacf;0xffaf;-2424;-234;0xf688;0xff16
3;32;5;77;109;1422;0;-850;0x58e;0x0;0xfcae;469;-469;0x1d5;0xfe2b
3;32;5;78;110;1422;1;-749;0x58e;0x1;0xfd13;849;-847;0x351;0xfcb1
3;32;5;79;111;1422;3097;1641;0x58e;0xc19;0x669;1608;4586;0x648;0x11ea
3;32;5;80;112;1422;-39;80;0x58e;0xffd9;0x50;426;-504;0x1aa;0xfe08
3;32;5;81;113;1422;2309;127;0x58e;0x905;0x7f;2423;2195;0x977;0x893
3;32;5;82;114;1422;-79;-851;0x58e;0xffb1;0xfcad;-240;82;0xff10;0x52
3;32;5;83;115;1422;-1638;-2309;0x58e;0xf99a;0xf6fb;-1535;-1741;0xfa01;0xf933
3;32;5;84;116;1422;828;-878;0x58e;0x33c;0xfc92;302;1354;0x12e;0x54a
3;32;5;85;117;1422;2349;-1561;0x58e;0x92d;0xf9e7;974;3724;0x3ce;0xe8c
3;32;5;86;118;1422;-708;-142;0x58e;0xfd3c;0xff72;-285;-1131;0xfee3;0xfb95
3;32;5;87;119;1422;-773;1560;0x58e;0xfcfb;0x618;-28;-1518;0xffe4;0xfa12
3;32;5;88;120;1422;1639;38;0x58e;0x667;0x26;2276;1002;0x8e4;0x3ea
3;32;5;89;121;1422;0;-2390;0x58e;0x0;0xf6aa;-992;992;0xfc20;0x3e0
3;32;5;90;122;1422;-42;40;0x58e;0xffd6;0x28;-1474;1390;0xfa3e;0x56e
3;32;5;91;123;1422;1;1599;0x58e;0x1;0x63f;-1316;1318;0xfadc;0x526
3;32;5;92;124;1422;-621;658;0x58e;0xfd93;0x292;-2206;964;0xf762;0x3c4
3;32;5;93;125;1422;-788;-79;0x58e;0xfcec;0xffb1;-623;-953;0xfd91;0xfc47
3;32;5;94;126;1422;709;829;0x58e;0x2c5;0x33d;326;1092;0x146;0x444
3;32;5;95;127;1422;-2309;851;0x58e;0xf6fb;0x353;-2148;-2470;0xf79c;0xf65a
3;32;6;128;160;287;40;748;0x11f;0x28;0x2ec;842;-762;0x34a;0xfd06
3;32;6;129;161;287;-711;829;0x11f;0xfd39;0x33d;614;-2036;0x266;0xf80c
3;32;6;130;162;287;-2349;789;0x11f;0xf6d3;0x315;-3666;-1032;0xf1ae;0xfbf8
3;32;6;131;163;287;751;709;0x11f;0x2ef;0x2c5;808;694;0x328;0x2b6
3;32;6;132;164;287;747;-850;0x11f;0x2eb;0xfcae;-467;1961;0xfe2d;0x7a9
3;32;6;133;165;287;849;2269;0x11f;0x351;0x8dd;745;953;0x2e9;0x3b9
3;32;6;134;166;287;-1519;1519;0x11f;0xfa11;0x5ef;-2890;-148;0xf4b6;0xff6c
3;32;6;135;167;287;-879;-893;0x11f;0xfc91;0xfc83;-439;-1319;0xfe49;0xfad9
3;32;6;136;168;287;1;-1560;0x11f;0x1;0xf9e8;162;-160;0xa2;0xff60
3;32;6;137;169;287;1599;791;0x11f;0x63f;0x317;747;2451;0x2eb;0x993
3;32;6;138;170;287;80;749;0x11f;0x50;0x2ed;-550;710;0xfdda;0x2c6
3;32;6;139;171;287;144;879;0x11f;0x90;0x36f;-222;510;0xff22;0x1fe
3;32;6;140;172;287;-798;1497;0x11f;0xfce2;0x5d9;-626;-970;0xfd8e;0xfc36
3;32;6;141;173;287;0;1561;0x11f;0x0;0x619;-1593;1593;0xf9c7;0x639
3;32;6;142;174;287;1;40;0x11f;0x1;0x28;-686;688;0xfd52;0x2b0
3;32;6;143;175;287;-1681;-2348;0x11f;0xf96f;0xf6d4;-1635;-1727;0xf99d;0xf941
3;32;6;144;176;287;750;-1498;0x11f;0x2ee;0xfa26;2010;-510;0x7da;0xfe02
3;32;6;145;177;287;-891;-131;0x11f;0xfc85;0xff7d;277;-2059;0x115;0xf7f5
3;32;6;146;178;287;1499;1560;0x11f;0x5db;0x618;1338;1660;0x53a;0x67c
3;32;6;147;179;287;2351;891;0x11f;0x92f;0x37b;1446;3256;0x5a6;0xcb8
3;32;6;148;180;287;-1539;169;0x11f;0xf9fd;0xa9;-530;-2548;0xfdee;0xf60c
3;32;6;149;181;287;-1640;850;0x11f;0xf998;0x352;-426;-2854;0xfe56;0xf4da
3;32;6;150;182;287;-708;2269;0x11f;0xfd3c;0x8dd;-812;-604;0xfcd4;0xfda4
3;32;6;151;183;287;60;-851;0x11f;0x3c;0xfcad;278;-158;0x116;0xff62
3;32;6;152;184;287;-2350;-751;0x11f;0xf6d2;0xfd11;-2185;-2515;0xf777;0xf62d
3;32;6;153;185;287;0;2388;0x11f;0x0;0x954;-733;733;0xfd23;0x2dd
3;32;6;154;186;287;747;-749;0x11f;0x2eb;0xfd13;1377;117;0x561;0x75
3;32;6;155;187;287;1;-1601;0x11f;0x1;0xf9bf;-1048;1050;0xfbe8;0x41a
3;32;6;156;188;287;-90;-662;0x11f;0xffa6;0xfd6a;-871;691;0xfc99;0x2b3
3;32;6;157;189;287;790;1499;0x11f;0x316;0x5db;1427;153;0x593;0x99
3;32;6;158;190;287;709;-1538;0x11f;0x2c5;0xf9fe;-673;2091;0xfd5f;0x82b
3;32;6;159;191;287;891;-1560;0x11f;0x37b;0xf9e8;1052;730;0x41c;0x2da
3;32;7;192;224;202;-40;-750;0xca;0xffd8;0xfd12;-201;121;0xff37;0x79
3;32;7;193;225;202;707;-829;0xca;0x2c3;0xfcc3;134;1280;0x86;0x500
3;32;7;194;226;202;-851;-789;0xca;0xfcad;0xfceb;-794;-908;0xfce6;0xfc74
3;32;7;195;227;202;-747;-709;0xca;0xfd15;0xfd3b;570;-2064;0x23a;0xf7f0
3;32;7;196;228;202;-751;-2348;0xca;0xfd11;0xf6d4;-1113;-389;0xfba7;0xfe7b
3;32;7;197;229;202;2347;931;0xca;0x92b;0x3a3;2862;1832;0xb2e;0x728
3;32;7;198;230;202;-1679;1679;0xca;0xf971;0x68f;-2699;-659;0xf575;0xfd6d
3;32;7;199;231;202;619;-2311;0xca;0x26b;0xf6f9;1672;-434;0x688;0xfe4e
3;32;7;200;232;202;1;-1640;0xca;0x1;0xf998;803;-801;0x323;0xfcdf
3;32;7;201;233;202;1599;-787;0xca;0x63f;0xfced;23;3175;0x17;0xc67
3;32;7;202;234;202;-80;-749;0xca;0xffb0;0xfd13;607;-767;0x25f;0xfd01
3;32;7;203;235;202;3060;-619;0xca;0xbf4;0xfd95;4130;1990;0x1022;0x7c6
3;32;7;204;236;202;540;-1499;0xca;0x21c;0xfa25;1066;14;0x42a;0xe
3;32;7;205;237;202;0;1641;0xca;0x0;0x669;46;-46;0x2e;0xffd2
3;32;7;206;238;202;1;-40;0xca;0x1;0xffd8;-629;631;0xfd8b;0x277
3;32;7;207;239;202;-1521;-850;0xca;0xfa0f;0xfcae;72;-3114;0x48;0xf3d6
3;32;7;208;240;202;-748;1498;0xca;0xfd14;0x5da;-2122;626;0xf7b6;0x272
3;32;7;209;241;202;-2309;-131;0xca;0xf6fb;0xff7d;-3540;-1078;0xf22c;0xfbca
3;32;7;210;242;202;-1497;1640;0xca;0xfa27;0x668;-2299;-695;0xf705;0xfd49
3;32;7;211;243;202;853;2309;0xca;0x355;0x905;1433;273;0x599;0x111
3;32;7;212;244;202;1537;89;0xca;0x601;0x59;442;2632;0x1ba;0xa48
3;32;7;213;245;202;-1560;2348;0xca;0xf9e8;0x92c;-1198;-1922;0xfb52;0xf87e
3;32;7;214;246;202;710;931;0xca;0x2c6;0x3a3;1225;195;0x4c9;0xc3
3;32;7;215;247;202;3136;-2349;0xca;0xc40;0xf6d3;1926;4346;0x786;0x10fa
3;32;7;216;248;202;-852;747;0xca;0xfcac;0x2eb;94;-1798;0x5e;0xf8fa
3;32;7;217;249;202;0;810;0xca;0x0;0x32a;1106;-1106;0x452;0xfbae
3;32;7;218;250;202;-751;749;0xca;0xfd11;0x2ed;-1438;-64;0xfa62;0xffc0
3;32;7;219;251;202;1;-1601;0xca;0x1;0xf9bf;585;-583;0x249;0xfdb9
3;32;7;220;252;202;-170;916;0xca;0xff56;0x394;941;-1281;0x3ad;0xfaff
3;32;7;221;253;202;-788;-1497;0xca;0xfcec;0xfa27;-1895;319;0xf899;0x13f
3;32;7;222;254;202;-709;1538;0xca;0xfd3b;0x602;-1453;35;0xfa53;0x23
3;32;7;223;255;202;2309;-1640;0xca;0x905;0xf998;3111;1507;0xc27;0x5e3
4;16;8;0;16;-171;588;-1592;0xff55;0x24c;0xf9c8;1016;160;0x3f8;0xa0
4;16;8;1;17;-171;-606;196;0xff55;0xfda2;0xc4;-2181;969;0xf77b;0x3c9
4;16;8;2;18;-171;2144;-721;0xff55;0x860;0xfd2f;2112;2176;0x840;0x880
4;16;8;3;19;-171;1091;-1977;0xff55;0x443;0xf847;2116;66;0x844;0x42
4;16;8;4;20;-171;1202;-658;0xff55;0x4b2;0xfd6e;1496;908;0x5d8;0x38c
4;16;8;5;21;-171;-1395;-313;0xff55;0xfa8d;0xfec7;-901;-1889;0xfc7b;0xf89f
4;16;8;6;22;-171;1552;957;0xff55;0x610;0x3bd;2541;563;0x9ed;0x233
4;16;8;7;23;-171;-1448;-3909;0xff55;0xfa58;0xf0bb;-1543;-1353;0xf9f9;0xfab7
4;16;8;8;24;-171;803;452;0xff55;0x323;0x1c4;1451;155;0x5ab;0x9b
4;16;8;9;25;-171;-2391;-1428;0xff55;0xf6a9;0xfa6c;-903;-3879;0xfc79;0xf0d9
4;16;8;10;26;-171;650;886;0xff55;0x28a;0x376;-525;1825;0xfdf3;0x721
4;16;8;11;27;-171;-395;58;0xff55;0xfe75;0x3a;-2050;1260;0xf7fe;0x4ec
4;16;8;12;28;-171;578;407;0xff55;0x242;0x197;42;1114;0x2a;0x45a
4;16;8;13;29;-171;-1489;1736;0xff55;0xfa2f;0x6c8;-2123;-855;0xf7b5;0xfca9
4;16;8;14;30;-171;1433;-445;0xff55;0x599;0xfe43;1561;1305;0x619;0x519
4;16;8;15;31;-171;-368;-89;0xff55;0xfe90;0xffa7;-1674;938;0xf976;0x3aa
4;16;9;32;48;622;910;1674;0x26e;0x38e;0x68a;831;989;0x33f;0x3dd
4;16;9;33;49;622;2020;1586;0x26e;0x7e4;0x632;2848;1192;0xb20;0x4a8
4;16;9;34;50;622;976;883;0x26e;0x3d0;0x373;992;960;0x3e0;0x3c0
4;16;9;35;51;622;-1007;-1139;0x26e;0xfc11;0xfb8d;405;-2419;0x195;0xf68d
4;16;9;36;52;622;-1126;-1002;0x26e;0xfb9a;0xfc16;198;-2450;0xc6;0xf66e
4;16;9;37;53;622;-1889;2015;0x26e;0xf89f;0x7df;-3402;-376;0xf2b6;0xfe88
4;16;9;38;54;622;4646;463;0x26e;0x1226;0x1cf;4300;4992;0x10cc;0x1380
4;16;9;39;55;622;1624;-953;0x26e;0x658;0xfc47;438;2810;0x1b6;0xafa
4;16;9;40;56;622;-801;2666;0x26e;0xfcdf;0xa6a;-1420;-182;0xfa74;0xff4a
4;16;9;41;57;622;-811;1428;0x26e;0xfcd5;0x594;-246;-1376;0xff0a;0xfaa0
4;16;9;42;58;622;2346;-810;0x26e;0x92a;0xfcd6;2599;2093;0xa27;0x82d
4;16;9;43;59;622;-1463;-56;0x26e;0xfa49;0xffc8;-2399;-527;0xf6a1;0xfdf1
4;16;9;44;60;622;2596;1347;0x26e;0xa24;0x543;4185;1007;0x1059;0x3ef
4;16;9;45;61;622;1489;-156;0x26e;0x5d1;0xff64;1735;1243;0x6c7;0x4db
4;16;9;46;62;622;-1431;-973;0x26e;0xfa69;0xfc33;-1049;-1813;0xfbe7;0xf8eb
4;16;9;47;63;622;570;-1693;0x26e;0x23a;0xf963;807;333;0x327;0x14d
4;16;10;64;80;1577;53;426;0x629;0x35;0x1aa;-954;1060;0xfc46;0x424
4;16;10;65;81;1577;-912;2423;0x629;0xfc70;0x977;667;-2491;0x29b;0xf645
4;16;10;66;82;1577;591;-240;0x629;0x24f;0xff10;877;305;0x36d;0x131
4;16;10;67;83;1577;546;-1535;0x629;0x222;0xfa01;572;520;0x23c;0x208
4;16;10;68;84;1577;1333;302;0x629;0x535;0x12e;-303;2969;0xfed1;0xb99
4;16;10;69;85;1577;-1139;974;0x629;0xfb8d;0x3ce;419;-2697;0x1a3;0xf577
4;16;10;70;86;1577;-1536;-285;0x629;0xfa00;0xfee3;52;-3124;0x34;0xf3cc
4;16;10;71;87;1577;-1195;-28;0x629;0xfb55;0xffe4;59;-2449;0x3b;0xf66f
4;16;10;72;88;1577;162;2276;0x629;0xa2;0x8e4;2;322;0x2;0x142
4;16;10;73;89;1577;-1390;-992;0x629;0xfa92;0xfc20;236;-3016;0xec;0xf438
4;16;10;74;90;1577;-66;-1474;0x629;0xffbe;0xfa3e;-1583;1451;0xf9d1;0x5ab
4;16;10;75;91;1577;-1579;-1316;0x629;0xf9d5;0xfadc;-2563;-595;0xf5fd;0xfdad
4;16;10;76;92;1577;-2424;-2206;0x629;0xf688;0xf762;-2070;-2778;0xf7ea;0xf526
4;16;10;77;93;1577;469;-623;0x629;0x1d5;0xfd91;74;864;0x4a;0x360
4;16;10;78;94;1577;849;326;0x629;0x351;0x146;516;1182;0x204;0x49e
4;16;10;79;95;1577;1608;-2148;0x629;0x648;0xf79c;3169;47;0xc61;0x2f
4;16;11;96;112;182;-1551;-504;0xb6;0xf9f1;0xfe08;-430;-2672;0xfe52;0xf590
4;16;11;97;113;182;-510;2195;0xb6;0xfe02;0x893;-2149;1129;0xf79b;0x469
4;16;11;98;114;182;2689;82;0xb6;0xa81;0x52;1463;3915;0x5b7;0xf4b
4;16;11;99;115;182;-622;-1741;0xb6;0xfd92;0xf933;-6;-1238;0xfffa;0xfb2a
4;16;11;100;116;182;-1417;1354;0xb6;0xfa77;0x54a;-875;-1959;0xfc95;0xf859
4;16;11;101;117;182;-1985;3724;0xb6;0xf83f;0xe8c;-3425;-545;0xf29f;0xfddf
4;16;11;102;118;182;1742;-1131;0xb6;0x6ce;0xfb95;2494;990;0x9be;0x3de
4;16;11;103;119;182;1531;-1518;0xb6;0x5fb;0xfa12;112;2950;0x70;0xb86
4;16;11;104;120;182;-160;1002;0xb6;0xff60;0x3ea;-526;206;0xfdf2;0xce
4;16;11;105;121;182;-1812;992;0xb6;0xf8ec;0x3e0;-161;-3463;0xff5f;0xf279
4;16;11;106;122;182;-2930;1390;0xb6;0xf48e;0x56e;-3657;-2203;0xf1b7;0xf765
4;16;11;107;123;182;-2955;1318;0xb6;0xf475;0x526;-4473;-1437;0xee87;0xfa63
4;16;11;108;124;182;-234;964;0xb6;0xff16;0x3c4;-925;457;0xfc63;0x1c9
4;16;11;109;125;182;-469;-953;0xb6;0xfe2b;0xfc47;-998;60;0xfc1a;0x3c
4;16;11;110;126;182;-847;1092;0xb6;0xfcb1;0x444;608;-2302;0x260;0xf702
4;16;11;111;127;182;4586;-2470;0xb6;0x11ea;0xf65a;3435;5737;0xd6b;0x1669
4;16;12;128;144;962;842;2010;0x3c2;0x34a;0x7da;1324;360;0x52c;0x168
4;16;12;129;145;962;614;277;0x3c2;0x266;0x115;8;1220;0x8;0x4c4
4;16;12;130;146;962;-3666;1338;0x3c2;0xf1ae;0x53a;-4478;-2854;0xee82;0xf4da
4;16;12;131;147;962;808;1446;0x3c2;0x328;0x5a6;1274;342;0x4fa;0x156
4;16;12;132;148;962;-467;-530;0x3c2;0xfe2d;0xfdee;1029;-1963;0x405;0xf855
4;16;12;133;149;962;745;-426;0x3c2;0x2e9;0xfe56;2362;-872;0x93a;0xfc98
4;16;12;134;150;962;-2890;-812;0x3c2;0xf4b6;0xfcd4;-1402;-4378;0xfa86;0xeee6
4;16;12;135;151;962;-439;278;0x3c2;0xfe49;0x116;-1588;710;0xf9cc;0x2c6
4;16;12;136;152;962;162;-2185;0x3c2;0xa2;0xf777;1493;-1169;0x5d5;0xfb6f
4;16;12;137;153;962;747;-733;0x3c2;0x2eb;0xfd23;-714;2208;0xfd36;0x8a0
4;16;12;138;154;962;-550;1377;0x3c2;0xfdda;0x561;764;-1864;0x2fc;0xf8b8
4;16;12;139;155;962;-222;-1048;0x3c2;0xff22;0xfbe8;-417;-27;0xfe5f;0xffe5
4;16;12;140;156;962;-626;-871;0x3c2;0xfd8e;0xfc99;-391;-861;0xfe79;0xfca3
4;16;12;141;157;962;-1593;1427;0x3c2;0xf9c7;0x593;-797;-2389;0xfce3;0xf6ab
4;16;12;142;158;962;-686;-673;0x3c2;0xfd52;0xfd5f;-1437;65;0xfa63;0x41
4;16;12;143;159;962;-1635;1052;0x3c2;0xf99d;0x41c;-283;-2987;0xfee5;0xf455
4;16;13;160;176;-1202;-762;-510;0xfb4e;0xfd06;0xfe02;-2191;667;0xf771;0x29b
4;16;13;161;177;-1202;-2036;-2059;0xfb4e;0xf80c;0xf7f5;-3112;-960;0xf3d8;0xfc40
4;16;13;162;178;-1202;-1032;1660;0xfb4e;0xfbf8;0x67c;-2386;322;0xf6ae;0x142
4;16;13;163;179;-1202;694;3256;0xfb4e;0x2b6;0xcb8;-927;2315;0xfc61;0x90b
4;16;13;164;180;-1202;1961;-2548;0xfb4e;0x7a9;0xf60c;1336;2586;0x538;0xa1a
4;16;13;165;181;-1202;953;-2854;0xfb4e;0x3b9;0xf4da;1468;438;0x5bc;0x1b6
4;16;13;166;182;-1202;-148;-604;0xfb4e;0xff6c;0xfda4;-1749;1453;0xf92b;0x5ad
4;16;13;167;183;-1202;-1319;-158;0xfb4e;0xfad9;0xff62;-404;-2234;0xfe6c;0xf746
4;16;13;168;184;-1202;-160;-2515;0xfb4e;0xff60;0xf62d;267;-587;0x10b;0xfdb5
4;16;13;169;185;-1202;2451;733;0xfb4e;0x993;0x2dd;1809;3093;0x711;0xc15
4;16;13;170;186;-1202;710;117;0xfb4e;0x2c6;0x75;-705;2125;0xfd3f;0x84d
4;16;13;171;187;-1202;510;1050;0xfb4e;0x1fe;0x41a;1298;-278;0x512;0xfeea
4;16;13;172;188;-1202;-970;691;0xfb4e;0xfc36;0x2b3;-2043;103;0xf805;0x67
4;16;13;173;189;-1202;1593;153;0xfb4e;0x639;0x99;1023;2163;0x3ff;0x873
4;16;13;174;190;-1202;688;2091;0xfb4e;0x2b0;0x82b;-444;1820;0xfe44;0x71c
4;16;13;175;191;-1202;-1727;730;0xfb4e;0xf941;0x2da;-2162;-1292;0xf78e;0xfaf4
4;16;14;192;208;-1474;-201;-2122;0xfa3e;0xff37;0xf7b6;808;-1210;0x328;0xfb46
4;16;14;193;209;-1474;134;-3540;0xfa3e;0x86;0xf22c;-81;349;0xffaf;0x15d
4;16;14;194;210;-1474;-794;-2299;0xfa3e;0xfce6;0xf705;-628;-960;0xfd8c;0xfc40
4;16;14;195;211;-1474;570;1433;0xfa3e;0x23a;0x599;342;798;0x156;0x31e
4;16;14;196;212;-1474;-1113;442;0xfa3e;0xfba7;0x1ba;-2619;393;0xf5c5;0x189
4;16;14;197;213;-1474;2862;-1198;0xfa3e;0xb2e;0xfb52;3645;2079;0xe3d;0x81f
4;16;14;198;214;-1474;-2699;1225;0xfa3e;0xf575;0x4c9;-1435;-3963;0xfa65;0xf085
4;16;14;199;215;-1474;1672;1926;0xfa3e;0x688;0x786;2325;1019;0x915;0x3fb
4;16;14;200;216;-1474;803;94;0xfa3e;0x323;0x5e;1025;581;0x401;0x245
4;16;14;201;217;-1474;23;1106;0xfa3e;0x17;0x452;156;-110;0x9c;0xff92
4;16;14;202;218;-1474;607;-1438;0xfa3e;0x25f;0xfa62;1319;-105;0x527;0xff97
4;16;14;203;219;-1474;4130;585;0xfa3e;0x1022;0x249;4095;4165;0xfff;0x1045
4;16;14;204;220;-1474;1066;941;0xfa3e;0x42a;0x3ad;526;1606;0x20e;0x646
4;16;14;205;221;-1474;46;-1895;0xfa3e;0x2e;0xf899;387;-295;0x183;0xfed9
4;16;14;206;222;-1474;-629;-1453;0xfa3e;0xfd8b;0xfa53;-1794;536;0xf8fe;0x218
4;16;14;207;223;-1474;72;3111;0xfa3e;0x48;0xc27;-797;941;0xfce3;0x3ad
4;16;15;224;240;1468;121;626;0x5bc;0x79;0x272;1205;-963;0x4b5;0xfc3d
4;16;15;225;241;1468;1280;-1078;0x5bc;0x500;0xfbca;-23;2583;0xffe9;0xa17
4;16;15;226;242;1468;-908;-695;0x5bc;0xfc74;0xfd49;707;-2523;0x2c3;0xf625
4;16;15;227;243;1468;-2064;273;0x5bc;0xf7f0;0x111;-1453;-2675;0xfa53;0xf58d
4;16;15;228;244;1468;-389;2632;0x5bc;0xfe7b;0xa48;1063;-1841;0x427;0xf8cf
4;16;15;229;245;1468;1832;-1922;0x5bc;0x728;0xf87e;1652;2012;0x674;0x7dc
4;16;15;230;246;1468;-659;195;0x5bc;0xfd6d;0xc3;253;-1571;0xfd;0xf9dd
4;16;15;231;247;1468;-434;4346;0x5bc;0xfe4e;0x10fa;891;-1759;0x37b;0xf921
4;16;15;232;248;1468;-801;-1798;0x5bc;0xfcdf;0xf8fa;-862;-740;0xfca2;0xfd1c
4;16;15;233;249;1468;3175;-1106;0x5bc;0xc67;0xfbae;2919;3431;0xb67;0xd67
4;16;15;234;250;1468;-767;-64;0x5bc;0xfd01;0xffc0;675;-2209;0x2a3;0xf75f
4;16;15;235;251;1468;1990;-583;0x5bc;0x7c6;0xfdb9;2746;1234;0xaba;0x4d2
4;16;15;236;252;1468;14;-1281;0x5bc;0xe;0xfaff;476;-448;0x1dc;0xfe40
4;16;15;237;253;1468;-46;319;0x5bc;0xffd2;0x13f;985;-1077;0x3d9;0xfbcb
4;16;15;238;254;1468;631;35;0x5bc;0x277;0x23;1819;-557;0x71b;0xfdd3
4;16;15;239;255;1468;-3114;1507;0x5bc;0xf3d6;0x5e3;-1802;-4426;0xf8f6;0xeeb6
5;8;16;0;8;573;1016;1451;0x23d;0x3f8;0x5ab;1071;961;0x42f;0x3c1
5;8;16;1;9;573;-2181;-903;0x23d;0xf77b;0xfc79;-3149;-1213;0xf3b3;0xfb43
5;8;16;2;10;573;2112;-525;0x23d;0x840;0xfdf3;3175;1049;0xc67;0x419
5;8;16;3;11;573;2116;-2050;0x23d;0x844;0xf7fe;1194;3038;0x4aa;0xbde
5;8;16;4;12;573;1496;42;0x23d;0x5d8;0x2a;612;2380;0x264;0x94c
5;8;16;5;13;573;-901;-2123;0x23d;0xfc7b;0xf7b5;-128;-1674;0xff80;0xf976
5;8;16;6;14;573;2541;1561;0x23d;0x9ed;0x619;1866;3216;0x74a;0xc90
5;8;16;7;15;573;-1543;-1674;0x23d;0xf9f9;0xf976;-1026;-2060;0xfbfe;0xf7f4
5;8;17;16;24;-1325;160;155;0xfad3;0xa0;0x9b;-61;381;0xffc3;0x17d
5;8;17;17;25;-1325;969;-3879;0xfad3;0x3c9;0xf0d9;35;1903;0x23;0x76f
5;8;17;18;26;-1325;2176;1825;0xfad3;0x880;0x721;3762;590;0xeb2;0x24e
5;8;17;19;27;-1325;66;1260;0xfad3;0x42;0x4ec;632;-500;0x278;0xfe0c
5;8;17;20;28;-1325;908;1114;0xfad3;0x38c;0x45a;415;1401;0x19f;0x579
5;8;17;21;29;-1325;-1889;-855;0xfad3;0xf89f;0xfca9;-3462;-316;0xf27a;0xfec4
5;8;17;22;30;-1325;563;1305;0xfad3;0x233;0x519;1387;-261;0x56b;0xfefb
5;8;17;23;31;-1325;-1353;938;0xfad3;0xfab7;0x3aa;252;-2958;0xfc;0xf472
5;8;18;32;40;264;831;-1420;0x108;0x33f;0xfa74;310;1352;0x136;0x548
5;8;18;33;41;264;2848;-246;0x108;0xb20;0xff0a;3025;2671;0xbd1;0xa6f
5;8;18;34;42;264;992;2599;0x108;0x3e0;0xa27;2248;-264;0x8c8;0xfef8
5;8;18;35;43;264;405;-2399;0x108;0x195;0xf6a1;629;181;0x275;0xb5
5;8;18;36;44;264;198;4185;0x108;0xc6;0x1059;1206;-810;0x4b6;0xfcd6
5;8;18;37;45;264;-3402;1735;0x108;0xf2b6;0x6c7;-3879;-2925;0xf0d9;0xf493
5;8;18;38;46;264;4300;-1049;0x108;0x10cc;0xfbe7;4527;4073;0x11af;0xfe9
5;8;18;39;47;264;438;807;0x108;0x1b6;0x327;-914;1790;0xfc6e;0x6fe
5;8;19;48;56;383;989;-182;0x17f;0x3dd;0xff4a;2006;-28;0x7d6;0xffe4
5;8;19;49;57;383;1192;-1376;0x17f;0x4a8;0xfaa0;906;1478;0x38a;0x5c6
5;8;19;50;58;383;960;2093;0x17f;0x3c0;0x82d;916;1004;0x394;0x3ec
5;8;19;51;59;383;-2419;-527;0x17f;0xf68d;0xfdf1;-1285;-3553;0xfafb;0xf21f
5;8;19;52;60;383;-2450;1007;0x17f;0xf66e;0x3ef;-852;-4048;0xfcac;0xf030
5;8;19;53;61;383;-376;1243;0x17f;0xfe88;0x4db;13;-765;0xd;0xfd03
5;8;19;54;62;383;4992;-1813;0x17f;0x1380;0xf8eb;5520;4464;0x1590;0x1170
5;8;19;55;63;383;2810;333;0x17f;0xafa;0x14d;1626;3994;0x65a;0xf9a
5;8;20;64;72;-829;-954;2;0xfcc3;0xfc46;0x2;-1520;-388;0xfa10;0xfe7c
5;8;20;65;73;-829;667;236;0xfcc3;0x29b;0xec;459;875;0x1cb;0x36b
5;8;20;66;74;-829;877;-1583;0xfcc3;0x36d;0xf9d1;-549;2303;0xfddb;0x8ff
5;8;20;67;75;-829;572;-2563;0xfcc3;0x23c;0xf5fd;179;965;0xb3;0x3c5
5;8;20;68;76;-829;-303;-2070;0xfcc3;0xfed1;0xf7ea;-397;-209;0xfe73;0xff2f
5;8;20;69;77;-829;419;74;0xfcc3;0x1a3;0x4a;-549;1387;0xfddb;0x56b
5;8;20;70;78;-829;52;516;0xfcc3;0x34;0x204;500;-396;0x1f4;0xfe74
5;8;20;71;79;-829;59;3169;0xfcc3;0x3b;0xc61;-1267;1385;0xfb0d;0x569
5;8;21;80;88;1458;1060;322;0x5b2;0x424;0x142;2447;-327;0x98f;0xfeb9
5;8;21;81;89;1458;-2491;-3016;0x5b2;0xf645;0xf438;-1608;-3374;0xf9b8;0xf2d2
5;8;21;82;90;1458;305;1451;0x5b2;0x131;0x5ab;1665;-1055;0x681;0xfbe1
5;8;21;83;91;1458;520;-595;0x5b2;0x208;0xfdad;490;550;0x1ea;0x226
5;8;21;84;92;1458;2969;-2778;0x5b2;0xb99;0xf526;3864;2074;0xf18;0x81a
5;8;21;85;93;1458;-2697;864;0x5b2;0xf577;0x360;-4248;-1146;0xef68;0xfb86
5;8;21;86;94;1458;-3124;1182;0x5b2;0xf3cc;0x49e;-3512;-2736;0xf248;0xf550
5;8;21;87;95;1458;-2449;47;0x5b2;0xf66f;0x2f;-3146;-1752;0xf3b6;0xf928
5;8;22;96;104;-1602;-430;-526;0xf9be;0xfe52;0xfdf2;-204;-656;0xff34;0xfd70
5;8;22;97;105;-1602;-2149;-161;0xf9be;0xf79b;0xff5f;-3257;-1041;0xf347;0xfbef
5;8;22;98;106;-1602;1463;-3657;0xf9be;0x5b7;0xf1b7;2452;474;0x994;0x1da
5;8;22;99;107;-1602;-6;-4473;0xf9be;0xfffa;0xee87;764;-776;0x2fc;0xfcf8
5;8;22;100;108;-1602;-875;-925;0xf9be;0xfc95;0xfc63;-2237;487;0xf743;0x1e7
5;8;22;101;109;-1602;-3425;-998;0xf9be;0xf29f;0xfc1a;-1857;-4993;0xf8bf;0xec7f
5;8;22;102;110;-1602;2494;608;0xf9be;0x9be;0x260;2853;2135;0xb25;0x857
5;8;22;103;111;-1602;112;3435;0xf9be;0x70;0xd6b;1193;-969;0x4a9;0xfc37
5;8;23;112;120;-130;-2672;206;0xff7e;0xf590;0xce;-1052;-4292;0xfbe4;0xef3c
5;8;23;113;121;-130;1129;-3463;0xff7e;0x469;0xf279;2273;-15;0x8e1;0xfff1
5;8;23;114;122;-130;3915;-2203;0xff7e;0xf4b;0xf765;3494;4336;0xda6;0x10f0
5;8;23;115;123;-130;-1238;-1437;0xff7e;0xfb2a;0xfa63;-2584;108;0xf5e8;0x6c
5;8;23;116;124;-130;-1959;457;0xff7e;0xf859;0x1c9;-1985;-1933;0xf83f;0xf873
5;8;23;117;125;-130;-545;60;0xff7e;0xfddf;0x3c;-461;-629;0xfe33;0xfd8b
5;8;23;118;126;-130;990;-2302;0xff7e;0x3de;0xf702;1762;218;0x6e2;0xda
5;8;23;119;127;-130;2950;5737;0xff7e;0xb86;0x1669;3658;2242;0xe4a;0x8c2
5;8;24;128;136;-681;1324;1493;0xfd57;0x52c;0x5d5;-218;2866;0xff26;0xb32
5;8;24;129;137;-681;8;-714;0xfd57;0x8;0xfd36;518;-502;0x206;0xfe0a
5;8;24;130;138;-681;-4478;764;0xfd57;0xee82;0x2fc;-3597;-5359;0xf1f3;0xeb11
5;8;24;131;139;-681;1274;-417;0xfd57;0x4fa;0xfe5f;2523;25;0x9db;0x19
5;8;24;132;140;-681;1029;-391;0xfd57;0x405;0xfe79;-594;2652;0xfdae;0xa5c
5;8;24;133;141;-681;2362;-797;0xfd57;0x93a;0xfce3;1029;3695;0x405;0xe6f
5;8;24;134;142;-681;-1402;-1437;0xfd57;0xfa86;0xfa63;100;-2904;0x64;0xf4a8
5;8;24;135;143;-681;-1588;-283;0xfd57;0xf9cc;0xfee5;-2337;-839;0xf6df;0xfcb9
5;8;25;144;152;1017;360;-1169;0x3f9;0x168;0xfb6f;-711;1431;0xfd39;0x597
5;8;25;145;153;1017;1220;2208;0x3f9;0x4c4;0x8a0;791;1649;0x317;0x671
5;8;25;146;154;1017;-2854;-1864;0x3f9;0xf4da;0xf8b8;-4482;-1226;0xee7e;0xfb36
5;8;25;147;155;1017;342;-27;0x3f9;0x156;0xffe5;397;287;0x18d;0x11f
5;8;25;148;156;1017;-1963;-861;0x3f9;0xf855;0xfca3;-579;-3347;0xfdbd;0xf2ed
5;8;25;149;157;1017;-872;-2389;0x3f9;0xfc98;0xf6ab;49;-1793;0x31;0xf8ff
5;8;25;150;158;1017;-4378;65;0x3f9;0xeee6;0x41;-4757;-3999;0xed6b;0xf061
5;8;25;151;159;1017;710;-2987;0x3f9;0x2c6;0xf455;1123;297;0x463;0x129
5;8;26;160;168;732;-2191;267;0x2dc;0xf771;0x10b;-2493;-1889;0xf643;0xf89f
5;8;26;161;169;732;-3112;1809;0x2dc;0xf3d8;0x711;-4036;-2188;0xf03c;0xf774
5;8;26;162;170;732;-2386;-705;0x2dc;0xf6ae;0xfd3f;-3384;-1388;0xf2c8;0xfa94
5;8;26;163;171;732;-927;1298;0x2dc;0xfc61;0x512;-2258;404;0xf72e;0x194
5;8;26;164;172;732;1336;-2043;0x2dc;0x538;0xf805;243;2429;0xf3;0x97d
5;8;26;165;173;732;1468;1023;0x2dc;0x5bc;0x3ff;2817;119;0xb01;0x77
5;8;26;166;174;732;-1749;-444;0x2dc;0xf92b;0xfe44;-2930;-568;0xf48e;0xfdc8
5;8;26;167;175;732;-404;-2162;0x2dc;0xfe6c;0xf78e;-1911;1103;0xf889;0x44f
5;8;27;176;184;608;667;-587;0x260;0x29b;0xfdb5;65;1269;0x41;0x4f5
5;8;27;177;185;608;-960;3093;0x260;0xfc40;0xc15;-1996;76;0xf834;0x4c
5;8;27;178;186;608;322;2125;0x260;0x142;0x84d;-788;1432;0xfcec;0x598
5;8;27;179;187;608;2315;-278;0x260;0x90b;0xfeea;3408;1222;0xd50;0x4c6
5;8;27;180;188;608;2586;103;0x260;0xa1a;0x67;3151;2021;0xc4f;0x7e5
5;8;27;181;189;608;438;2163;0x260;0x1b6;0x873;-1013;1889;0xfc0b;0x761
5;8;27;182;190;608;1453;1820;0x260;0x5ad;0x71c;189;2717;0xbd;0xa9d
5;8;27;183;191;608;-2234;-1292;0x260;0xf746;0xfaf4;-627;-3841;0xfd8d;0xf0ff
5;8;28;192;200;-1542;808;1025;0xf9fa;0x328;0x401;160;1456;0xa0;0x5b0
5;8;28;193;201;-1542;-81;156;0xf9fa;0xffaf;0x9c;379;-541;0x17b;0xfde3
5;8;28;194;202;-1542;-628;1319;0xf9fa;0xfd8c;0x527;-153;-1103;0xff67;0xfbb1
5;8;28;195;203;-1542;342;4095;0xf9fa;0x156;0xfff;-899;1583;0xfc7d;0x62f
5;8;28;196;204;-1542;-2619;526;0xf9fa;0xf5c5;0x20e;-2263;-2975;0xf729;0xf461
5;8;28;197;205;-1542;3645;387;0xf9fa;0xe3d;0x183;4274;3016;0x10b2;0xbc8
5;8;28;198;206;-1542;-1435;-1794;0xf9fa;0xfa65;0xf8fe;-67;-2803;0xffbd;0xf50d
5;8;28;199;207;-1542;2325;-797;0xf9fa;0x915;0xfce3;2621;2029;0xa3d;0x7ed
5;8;29;208;216;411;-1210;581;0x19b;0xfb46;0x245;331;-2751;0x14b;0xf541
5;8;29;209;217;411;349;-110;0x19b;0x15d;0xff92;-86;784;0xffaa;0x310
5;8;29;210;218;411;-960;-105;0x19b;0xfc40;0xff97;-316;-1604;0xfec4;0xf9bc
5;8;29;211;219;411;798;4165;0x19b;0x31e;0x1045;775;821;0x307;0x335
5;8;29;212;220;411;393;1606;0x19b;0x189;0x646;86;700;0x56;0x2bc
5;8;29;213;221;411;2079;-295;0x19b;0x81f;0xfed9;1669;2489;0x685;0x9b9
5;8;29;214;222;411;-3963;536;0x19b;0xf085;0x218;-5475;-2451;0xea9d;0xf66d
5;8;29;215;223;411;1019;941;0x19b;0x3fb;0x3ad;352;1686;0x160;0x696
5;8;30;224;232;-205;1205;-862;0xff33;0x4b5;0xfca2;736;1674;0x2e0;0x68a
5;8;30;225;233;-205;-23;2919;0xff33;0xffe9;0xb67;-416;370;0xfe60;0x172
5;8;30;226;234;-205;707;675;0xff33;0x2c3;0x2a3;1557;-143;0x615;0xff71
5;8;30;227;235;-205;-1453;2746;0xff33;0xfa53;0xaba;-461;-2445;0xfe33;0xf673
5;8;30;228;236;-205;1063;476;0xff33;0x427;0x1dc;1909;217;0x775;0xd9
5;8;30;229;237;-205;1652;985;0xff33;0x674;0x3d9;1906;1398;0x772;0x576
5;8;30;230;238;-205;253;1819;0xff33;0xfd;0x71b;-1032;1538;0xfbf8;0x602
5;8;30;231;239;-205;891;-1802;0xff33;0x37b;0xf8f6;2444;-662;0x98c;0xfd6a
5;8;31;240;248;-1571;-963;-740;0xf9dd;0xfc3d;0xfd1c;704;-2630;0x2c0;0xf5ba
5;8;31;241;249;-1571;2583;3431;0xf9dd;0xa17;0xd67;3100;2066;0xc1c;0x812
5;8;31;242;250;-1571;-2523;-2209;0xf9dd;0xf625;0xf75f;-1807;-3239;0xf8f1;0xf359
5;8;31;243;251;-1571;-2675;1234;0xf9dd;0xf58d;0x4d2;-1577;-3773;0xf9d7;0xf143
5;8;31;244;252;-1571;-1841;-448;0xf9dd;0xf8cf;0xfe40;-3459;-223;0xf27d;0xff21
5;8;31;245;253;-1571;2012;-1077;0xf9dd;0x7dc;0xfbcb;3309;715;0xced;0x2cb
5;8;31;246;254;-1571;-1571;-557;0xf9dd;0xf9dd;0xfdd3;-2795;-347;0xf515;0xfea5
5;8;31;247;255;-1571;-1759;-4426;0xf9dd;0xf921;0xeeb6;-237;-3281;0xff13;0xf32f
6;4;32;0;4;1223;1071;612;0x4c7;0x42f;0x264;1502;640;0x5de;0x280
6;4;32;1;5;1223;-3149;-128;0x4c7;0xf3b3;0xff80;-3522;-2776;0xf23e;0xf528
6;4;32;2;6;1223;3175;1866;0x4c7;0xc67;0x74a;3151;3199;0xc4f;0xc7f
6;4;32;3;7;1223;1194;-1026;0x4c7;0x4aa;0xfbfe;961;1427;0x3c1;0x593
6;4;33;8;12;652;961;2380;0x28c;0x3c1;0x94c;-232;2154;0xff18;0x86a
6;4;33;9;13;652;-1213;-1674;0x28c;0xfb43;0xf976;-2693;267;0xf57b;0x10b
6;4;33;10;14;652;1049;3216;0x28c;0x419;0xc90;265;1833;0x109;0x729
6;4;33;11;15;652;3038;-2060;0x28c;0xbde;0xf7f4;3623;2453;0xe27;0x995
6;4;34;16;20;-552;-61;415;0xfdd8;0xffc3;0x19f;-1640;1518;0xf998;0x5ee
6;4;34;17;21;-552;35;-3462;0xfdd8;0x23;0xf27a;156;-86;0x9c;0xffaa
6;4;34;18;22;-552;3762;1387;0xfdd8;0xeb2;0x56b;4878;2646;0x130e;0xa56
6;4;34;19;23;-552;632;252;0xfdd8;0x278;0xfc;1454;-190;0x5ae;0xff42
6;4;35;24;28;1015;381;1401;0x3f7;0x17d;0x579;406;356;0x196;0x164
6;4;35;25;29;1015;1903;-316;0x3f7;0x76f;0xfec4;2950;856;0xb86;0x358
6;4;35;26;30;1015;590;-261;0x3f7;0x24e;0xfefb;1676;-496;0x68c;0xfe10
6;4;35;27;31;1015;-500;-2958;0x3f7;0xfe0c;0xf472;-1508;508;0xfa1c;0x1fc
6;4;36;32;36;-1293;310;1206;0xfaf3;0x136;0x4b6;-894;1514;0xfc82;0x5ea
6;4;36;33;37;-1293;3025;-3879;0xfaf3;0xbd1;0xf0d9;3817;2233;0xee9;0x8b9
6;4;36;34;38;-1293;2248;4527;0xfaf3;0x8c8;0x11af;1455;3041;0x5af;0xbe1
6;4;36;35;39;-1293;629;-914;0xfaf3;0x275;0xfc6e;1812;-554;0x714;0xfdd6
6;4;37;40;44;1491;1352;-810;0x5d3;0x548;0xfcd6;2681;23;0xa79;0x17
6;4;37;41;45;1491;2671;-2925;0x5d3;0xa6f;0xf493;1367;3975;0x557;0xf87
6;4;37;42;46;1491;-264;4073;0x5d3;0xfef8;0xfe9;-523;-5;0xfdf5;0xfffb
6;4;37;43;47;1491;181;1790;0x5d3;0xb5;0x6fe;-290;652;0xfede;0x28c
6;4;38;48;52;-282;2006;-852;0xfee6;0x7d6;0xfcac;2809;1203;0xaf9;0x4b3
6;4;38;49;53;-282;906;13;0xfee6;0x38a;0xd;546;1266;0x222;0x4f2
6;4;38;50;54;-282;916;5520;0xfee6;0x394;0x1590;-348;2180;0xfea4;0x884
6;4;38;51;55;-282;-1285;1626;0xfee6;0xfafb;0x65a;-731;-1839;0xfd25;0xf8d1
6;4;39;56;60;-1544;-28;-4048;0xf9f8;0xffe4;0xf030;503;-559;0x1f7;0xfdd1
6;4;39;57;61;-1544;1478;-765;0xf9f8;0x5c6;0xfd03;691;2265;0x2b3;0x8d9
6;4;39;58;62;-1544;1004;4464;0xf9f8;0x3ec;0x1170;-200;2208;0xff38;0x8a0
6;4;39;59;63;-1544;-3553;3994;0xf9f8;0xf21f;0xf9a;-5197;-1909;0xebb3;0xf88b
6;4;40;64;68;516;-1520;-397;0x204;0xfa10;0xfe73;92;-3132;0x5c;0xf3c4
6;4;40;65;69;516;459;-549;0x204;0x1cb;0xfddb;-188;1106;0xff44;0x452
6;4;40;66;70;516;-549;500;0x204;0xfddb;0x1f4;-1791;693;0xf901;0x2b5
6;4;40;67;71;516;179;-1267;0x204;0xb3;0xfb0d;-1108;1466;0xfbac;0x5ba
6;4;41;72;76;-8;-388;-209;0xfff8;0xfe7c;0xff2f;-785;9;0xfcef;0x9
6;4;41;73;77;-8;875;1387;0xfff8;0x36b;0x56b;-122;1872;0xff86;0x750
6;4;41;74;78;-8;2303;-396;0xfff8;0x8ff;0xfe74;1726;2880;0x6be;0xb40
6;4;41;75;79;-8;965;1385;0xfff8;0x3c5;0x569;-657;2587;0xfd6f;0xa1b
6;4;42;80;84;-320;2447;3864;0xfec0;0x98f;0xf18;1986;2908;0x7c2;0xb5c
6;4;42;81;85;-320;-1608;-4248;0xfec0;0xf9b8;0xef68;-729;-2487;0xfd27;0xf649
6;4;42;82;86;-320;1665;-3512;0xfec0;0x681;0xf248;1188;2142;0x4a4;0x85e
6;4;42;83;87;-320;490;-3146;0xfec0;0x1ea;0xf3b6;967;13;0x3c7;0xd
6;4;43;88;92;-666;-327;2074;0xfd66;0xfeb9;0x81a;-1185;531;0xfb5f;0x213
6;4;43;89;93;-666;-3374;-1146;0xfd66;0xf2d2;0xfb86;-1924;-4824;0xf87c;0xed28
6;4;43;90;94;-666;-1055;-2736;0xfd66;0xfbe1;0xf550;-2456;346;0xf668;0x15a
6;4;43;91;95;-666;550;-1752;0xfd66;0x226;0xf928;1843;-743;0x733;0xfd19
6;4;44;96;100;-1618;-204;-2237;0xf9ae;0xff34;0xf743;-884;476;0xfc8c;0x1dc
6;4;44;97;101;-1618;-3257;-1857;0xf9ae;0xf347;0xf8bf;-3820;-2694;0xf114;0xf57a
6;4;44;98;102;-1618;2452;2853;0xf9ae;0x994;0xb25;3602;1302;0xe12;0x516
6;4;44;99;103;-1618;764;1193;0xf9ae;0x2fc;0x4a9;-174;1702;0xff52;0x6a6
6;4;45;104;108;-1162;-656;487;0xfb76;0xfd70;0x1e7;-1230;-82;0xfb32;0xffae
6;4;45;105;109;-1162;-1041;-4993;0xfb76;0xfbef;0xec7f;640;-2722;0x280;0xf55e
6;4;45;106;110;-1162;474;2135;0xfb76;0x1da;0x857;1020;-72;0x3fc;0xffb8
6;4;45;107;111;-1162;-776;-969;0xfb76;0xfcf8;0xfc37;537;-2089;0x219;0xf7d7
6;4;46;112;116;126;-1052;-1985;0x7e;0xfbe4;0xf83f;-1329;-775;0xfacf;0xfcf9
6;4;46;113;117;126;2273;-461;0x7e;0x8e1;0xfe33;2960;1586;0xb90;0x632
6;4;46;114;118;126;3494;1762;0x7e;0xda6;0x6e2;2363;4625;0x93b;0x1211
6;4;46;115;119;126;-2584;3658;0x7e;0xf5e8;0xe4a;-1074;-4094;0xfbce;0xf002
6;4;47;120;124;1469;-4292;-1933;0x5bd;0xef3c;0xf873;-4139;-4445;0xefd5;0xeea3
6;4;47;121;125;1469;-15;-629;0x5bd;0xfff1;0xfd8b;548;-578;0x224;0xfdbe
6;4;47;122;126;1469;4336;218;0x5bd;0x10f0;0xda;5681;2991;0x1631;0xbaf
6;4;47;123;127;1469;108;2242;0x5bd;0x6c;0x8c2;-872;1088;0xfc98;0x440
6;4;48;128;132;-853;-218;-594;0xfcab;0xff26;0xfdae;502;-938;0x1f6;0xfc56
6;4;48;129;133;-853;518;1029;0xfcab;0x206;0x405;-124;1160;0xff84;0x488
6;4;48;130;134;-853;-3597;100;0xfcab;0xf1f3;0x64;-4727;-2467;0xed89;0xf65d
6;4;48;131;135;-853;2523;-2337;0xfcab;0x9db;0xf6df;2632;2414;0xa48;0x96e
6;4;49;136;140;-90;2866;2652;0xffa6;0xb32;0xa5c;3439;2293;0xd6f;0x8f5
6;4;49;137;141;-90;-502;3695;0xffa6;0xfe0a;0xe6f;-1274;270;0xfb06;0x10e
6;4;49;138;142;-90;-5359;-2904;0xffa6;0xeb11;0xf4a8;-4691;-6027;0xedad;0xe875
6;4;49;139;143;-90;25;-839;0xffa6;0x19;0xfcb9;1158;-1108;0x486;0xfbac
6;4;50;144;148;-271;-711;-579;0xfef1;0xfd39;0xfdbd;-1904;482;0xf890;0x1e2
6;4;50;145;149;-271;791;49;0xfef1;0x317;0x31;386;1196;0x182;0x4ac
6;4;50;146;150;-271;-4482;-4757;0xfef1;0xee7e;0xed6b;-5044;-3920;0xec4c;0xf0b0
6;4;50;147;151;-271;397;1123;0xfef1;0x18d;0x463;1170;-376;0x492;0xfe88
6;4;51;152;156;830;1431;-3347;0x33e;0x597;0xf2ed;-47;2909;0xffd1;0xb5d
6;4;51;153;157;830;1649;-1793;0x33e;0x671;0xf8ff;160;3138;0xa0;0xc42
6;4;51;154;158;830;-1226;-3999;0x33e;0xfb36;0xf061;-1127;-1325;0xfb99;0xfad3
6;4;51;155;159;830;287;297;0x33e;0x11f;0x129;1371;-797;0x55b;0xfce3
6;4;52;160;164;107;-2493;243;0x6b;0xf643;0xf3;-2604;-2382;0xf5d4;0xf6b2
6;4;52;161;165;107;-4036;2817;0x6b;0xf03c;0xb01;-4583;-3489;0xee19;0xf25f
6;4;52;162;166;107;-3384;-2930;0x6b;0xf2c8;0xf48e;-2210;-4558;0xf75e;0xee32
6;4;52;163;167;107;-2258;-1911;0x6b;0xf72e;0xf889;-3851;-665;0xf0f5;0xfd67
6;4;53;168;172;-1421;-1889;2429;0xfa73;0xf89f;0x97d;-3114;-664;0xf3d6;0xfd68
6;4;53;169;173;-1421;-2188;119;0xfa73;0xf774;0x77;-3783;-593;0xf139;0xfdaf
6;4;53;170;174;-1421;-1388;-568;0xfa73;0xfa94;0xfdc8;-2531;-245;0xf61d;0xff0b
6;4;53;171;175;-1421;404;1103;0xfa73;0x194;0x44f;1258;-450;0x4ea;0xfe3e
6;4;54;176;180;-247;65;3151;0xff09;0x41;0xc4f;-9;139;0xfff7;0x8b
6;4;54;177;181;-247;-1996;-1013;0xff09;0xf834;0xfc0b;-1295;-2697;0xfaf1;0xf577
6;4;54;178;182;-247;-788;189;0xff09;0xfcec;0xbd;-485;-1091;0xfe1b;0xfbbd
6;4;54;179;183;-247;3408;-627;0xff09;0xd50;0xfd8d;3671;3145;0xe57;0xc49
6;4;55;184;188;-951;1269;2021;0xfc49;0x4f5;0x7e5;2029;509;0x7ed;0x1fd
6;4;55;185;189;-951;76;1889;0xfc49;0x4c;0x761;27;125;0x1b;0x7d
6;4;55;186;190;-951;1432;2717;0xfc49;0x598;0xa9d;2826;38;0xb0a;0x26
6;4;55;187;191;-951;1222;-3841;0xfc49;0x4c6;0xf0ff;-201;2645;0xff37;0xa55
6;4;56;192;196;-398;160;-2263;0xfe72;0xa0;0xf729;-1130;1450;0xfb96;0x5aa
6;4;56;193;197;-398;379;4274;0xfe72;0x17b;0x10b2;1715;-957;0x6b3;0xfc43
6;4;56;194;198;-398;-153;-67;0xfe72;0xff67;0xffbd;-1065;759;0xfbd7;0x2f7
6;4;56;195;199;-398;-899;2621;0xfe72;0xfc7d;0xa3d;-748;-1050;0xfd14;0xfbe6
6;4;57;200;204;961;1456;-2975;0x3c1;0x5b0;0xf461;2412;500;0x96c;0x1f4
6;4;57;201;205;961;-541;3016;0x3c1;0xfde3;0xbc8;-728;-354;0xfd28;0xfe9e
6;4;57;202;206;961;-1103;-2803;0x3c1;0xfbb1;0xf50d;-2767;561;0xf531;0x231
6;4;57;203;207;961;1583;2029;0x3c1;0x62f;0x7ed;1721;1445;0x6b9;0x5a5
6;4;58;208;212;-1508;331;86;0xfa1c;0x14b;0x56;1195;-533;0x4ab;0xfdeb
6;4;58;209;213;-1508;-86;1669;0xfa1c;0xffaa;0x685;-1744;1572;0xf930;0x624
6;4;58;210;214;-1508;-316;-5475;0xfa1c;0xfec4;0xea9d;653;-1285;0x28d;0xfafb
6;4;58;211;215;-1508;775;352;0xfa1c;0x307;0x160;-566;2116;0xfdca;0x844
6;4;59;216;220;-725;-2751;700;0xfd2b;0xf541;0x2bc;-1895;-3607;0xf899;0xf1e9
6;4;59;217;221;-725;784;2489;0xfd2b;0x310;0x9b9;2420;-852;0x974;0xfcac
6;4;59;218;222;-725;-1604;-2451;0xfd2b;0xf9bc;0xf66d;-1919;-1289;0xf881;0xfaf7
6;4;59;219;223;-725;821;1686;0xfd2b;0x335;0x696;1437;205;0x59d;0xcd
6;4;60;224;228;448;736;1909;0x1c0;0x2e0;0x775;-249;1721;0xff07;0x6b9
6;4;60;225;229;448;-416;1906;0x1c0;0xfe60;0x772;1164;-1996;0x48c;0xf834
6;4;60;226;230;448;1557;-1032;0x1c0;0x615;0xfbf8;1732;1382;0x6c4;0x566
6;4;60;227;231;448;-461;2444;0x1c0;0xfe33;0x98c;531;-1453;0x213;0xfa53
6;4;61;232;236;-1065;1674;217;0xfbd7;0x68a;0xd9;757;2591;0x2f5;0xa1f
6;4;61;233;237;-1065;370;1398;0xfbd7;0x172;0x576;476;264;0x1dc;0x108
6;4;61;234;238;-1065;-143;1538;0xfbd7;0xff71;0x602;-736;450;0xfd20;0x1c2
6;4;61;235;239;-1065;-2445;-662;0xfbd7;0xf673;0xfd6a;-3943;-947;0xf099;0xfc4d
6;4;62;240;244;677;704;-3459;0x2a5;0x2c0;0xf27d;986;422;0x3da;0x1a6
6;4;62;241;245;677;3100;3309;0x2a5;0xc1c;0xced;1863;4337;0x747;0x10f1
6;4;62;242;246;677;-1807;-2795;0x2a5;0xf8f1;0xf515;-2402;-1212;0xf69e;0xfb44
6;4;62;243;247;677;-1577;-237;0x2a5;0xf9d7;0xff13;-2753;-401;0xf53f;0xfe6f
6;4;63;248;252;-1275;-2630;-223;0xfb05;0xf5ba;0xff21;-2491;-2769;0xf645;0xf52f
6;4;63;249;253;-1275;2066;715;0xfb05;0x812;0x2cb;3561;571;0xde9;0x23b
6;4;63;250;254;-1275;-3239;-347;0xfb05;0xf359;0xfea5;-2754;-3724;0xf53e;0xf174
6;4;63;251;255;-1275;-3773;-3281;0xfb05;0xf143;0xf32f;-3370;-4176;0xf2d6;0xefb0
7;2;64;0;2;-1103;1502;3151;0xfbb1;0x5de;0xc4f;1805;1199;0x70d;0x4af
7;2;64;1;3;-1103;-3522;961;0xfbb1;0xf23e;0x3c1;-3830;-3214;0xf10a;0xf372
7;2;65;4;6;430;640;3199;0x1ae;0x280;0xc7f;1242;38;0x4da;0x26
7;2;65;5;7;430;-2776;1427;0x1ae;0xf528;0x593;-4365;-1187;0xeef3;0xfb5d
7;2;66;8;10;555;-232;265;0x22b;0xff18;0x109;1129;-1593;0x469;0xf9c7
7;2;66;9;11;555;-2693;3623;0x22b;0xf57b;0xe27;-1070;-4316;0xfbd2;0xef24
7;2;67;12;14;843;2154;1833;0x34b;0x86a;0x729;760;3548;0x2f8;0xddc
7;2;67;13;15;843;267;2453;0x34b;0x10b;0x995;56;478;0x38;0x1de
7;2;68;16;18;-1251;-1640;4878;0xfb1d;0xf998;0x130e;-2625;-655;0xf5bf;0xfd71
7;2;68;17;19;-1251;156;1454;0xfb1d;0x9c;0x5ae;119;193;0x77;0xc1
7;2;69;20;22;871;1518;2646;0x367;0x5ee;0xa56;401;2635;0x191;0xa4b
7;2;69;21;23;871;-86;-190;0x367;0xffaa;0xff42;-967;795;0xfc39;0x31b
7;2;70;24;26;1550;406;1676;0x60e;0x196;0x68c;86;726;0x56;0x2d6
7;2;70;25;27;1550;2950;-1508;0x60e;0xb86;0xfa1c;1490;4410;0x5d2;0x113a
7;2;71;28;30;105;356;-496;0x69;0x164;0xfe10;712;0;0x2c8;0x0
7;2;71;29;31;105;856;508;0x69;0x358;0x1fc;384;1328;0x180;0x530
7;2;72;32;34;422;-894;1455;0x1a6;0xfc82;0x5af;-1463;-325;0xfa49;0xfebb
7;2;72;33;35;422;3817;1812;0x1a6;0xee9;0x714;3582;4052;0xdfe;0xfd4
7;2;73;36;38;587;1514;3041;0x24b;0x5ea;0xbe1;528;2500;0x210;0x9c4
7;2;73;37;39;587;2233;-554;0x24b;0x8b9;0xfdd6;2232;2234;0x8b8;0x8ba
7;2;74;40;42;177;2681;-523;0xb1;0xa79;0xfdf5;1153;4209;0x481;0x1071
7;2;74;41;43;177;1367;-290;0xb1;0x557;0xfede;1971;763;0x7b3;0x2fb
7;2;75;44;46;-235;23;-5;0xff15;0x17;0xfffb;-1142;1188;0xfb8a;0x4a4
7;2;75;45;47;-235;3975;652;0xff15;0xf87;0x28c;2757;5193;0xac5;0x1449
7;2;76;48;50;-291;2809;-348;0xfedd;0xaf9;0xfea4;2712;2906;0xa98;0xb5a
7;2;76;49;51;-291;546;-731;0xfedd;0x222;0xfd25;524;568;0x20c;0x238
7;2;77;52;54;-460;1203;2180;0xfe34;0x4b3;0x884;735;1671;0x2df;0x687
7;2;77;53;55;-460;1266;-1839;0xfe34;0x4f2;0xf8d1;1221;1311;0x4c5;0x51f
7;2;78;56;58;1574;503;-200;0x626;0x1f7;0xff38;52;954;0x34;0x3ba
7;2;78;57;59;1574;691;-5197;0x626;0x2b3;0xebb3;1339;43;0x53b;0x2b
7;2;79;60;62;1653;-559;2208;0x675;0xfdd1;0x8a0;-726;-392;0xfd2a;0xfe78
7;2;79;61;63;1653;2265;-1909;0x675;0x8d9;0xf88b;2236;2294;0x8bc;0x8f6
7;2;80;64;66;-246;92;-1791;0xff0a;0x5c;0xf901;-617;801;0xfd97;0x321
7;2;80;65;67;-246;-188;-1108;0xff0a;0xff44;0xfbac;431;-807;0x1af;0xfcd9
7;2;81;68;70;778;-3132;693;0x30a;0xf3c4;0x2b5;-4165;-2099;0xefbb;0xf7cd
7;2;81;69;71;778;1106;1466;0x30a;0x452;0x5ba;1289;923;0x509;0x39b
7;2;82;72;74;1159;-785;1726;0x487;0xfcef;0x6be;-705;-865;0xfd3f;0xfc9f
7;2;82;73;75;1159;-122;-657;0x487;0xff86;0xfd6f;-1545;1301;0xf9f7;0x515
7;2;83;76;78;-147;9;2880;0xff6d;0x9;0xb40;-963;981;0xfc3d;0x3d5
7;2;83;77;79;-147;1872;2587;0xff6d;0x750;0xa1b;2705;1039;0xa91;0x40f
7;2;84;80;82;-777;1986;1188;0xfcf7;0x7c2;0x4a4;2411;1561;0x96b;0x619
7;2;84;81;83;-777;-729;967;0xfcf7;0xfd27;0x3c7;-2353;895;0xf6cf;0x37f
7;2;85;84;86;1483;2908;2142;0x5cb;0xb5c;0x85e;1415;4401;0x587;0x1131
7;2;85;85;87;1483;-2487;13;0x5cb;0xf649;0xd;-3427;-1547;0xf29d;0xf9f5
7;2;86;88;90;-602;-1185;-2456;0xfda6;0xfb5f;0xf668;-739;-1631;0xfd1d;0xf9a1
7;2;86;89;91;-602;-1924;1843;0xfda6;0xf87c;0x733;-2462;-1386;0xf662;0xfa96
7;2;87;92;94;1119;531;346;0x45f;0x213;0x15a;1442;-380;0x5a2;0xfe84
7;2;87;93;95;1119;-4824;-743;0x45f;0xed28;0xfd19;-3865;-5783;0xf0e7;0xe969
7;2;88;96;98;-1590;-884;3602;0xf9ca;0xfc8c;0xe12;-870;-898;0xfc9a;0xfc7e
7;2;88;97;99;-1590;-3820;-174;0xf9ca;0xf114;0xff52;-4085;-3555;0xf00b;0xf21d
7;2;89;100;102;644;476;1302;0x284;0x1dc;0x516;-595;1547;0xfdad;0x60b
7;2;89;101;103;644;-2694;1702;0x284;0xf57a;0x6a6;-2698;-2690;0xf576;0xf57e
7;2;90;104;106;-872;-1230;1020;0xfc98;0xfb32;0x3fc;-2253;-207;0xf733;0xff31
7;2;90;105;107;-872;640;537;0xfc98;0x280;0x219;1012;268;0x3f4;0x10c
7;2;91;108;110;349;-82;-72;0x15d;0xffae;0xffb8;1090;-1254;0x442;0xfb1a
7;2;91;109;111;349;-2722;-2089;0x15d;0xf55e;0xf7d7;-1083;-4361;0xfbc5;0xeef7
7;2;92;112;114;418;-1329;2363;0x1a2;0xfacf;0x93b;-330;-2328;0xfeb6;0xf6e8
7;2;92;113;115;418;2960;-1074;0x1a2;0xb90;0xfbce;1362;4558;0x552;0x11ce
7;2;93;116;118;329;-775;4625;0x149;0xfcf9;0x1211;-1413;-137;0xfa7b;0xff77
7;2;93;117;119;329;1586;-4094;0x149;0x632;0xf002;1454;1718;0x5ae;0x6b6
7;2;94;120;122;-156;-4139;5681;0xff64;0xefd5;0x1631;-2984;-5294;0xf458;0xeb52
7;2;94;121;123;-156;548;-872;0xff64;0x224;0xfc98;-118;1214;0xff8a;0x4be
7;2;95;124;126;-75;-4445;2991;0xffb5;0xeea3;0xbaf;-4718;-4172;0xed92;0xefb4
7;2;95;125;127;-75;-578;1088;0xffb5;0xfdbe;0x440;1069;-2225;0x42d;0xf74f
7;2;96;128;130;817;502;-4727;0x331;0x1f6;0xed89;-145;1149;0xff6f;0x47d
7;2;96;129;131;817;-124;2632;0x331;0xff84;0xa48;1056;-1304;0x420;0xfae8
7;2;97;132;134;1097;-938;-2467;0x449;0xfc56;0xf65d;-817;-1059;0xfccf;0xfbdd
7;2;97;133;135;1097;1160;2414;0x449;0x488;0x96e;2418;-98;0x972;0xff9e
7;2;98;136;138;603;3439;-4691;0x25b;0xd6f;0xedad;2102;4776;0x836;0x12a8
7;2;98;137;139;603;-1274;1158;0x25b;0xfb06;0x486;-2689;141;0xf57f;0x8d
7;2;99;140;142;610;2293;-6027;0x262;0x8f5;0xe875;3423;1163;0xd5f;0x48b
7;2;99;141;143;610;270;-1108;0x262;0x10e;0xfbac;1198;-658;0x4ae;0xfd6e
7;2;100;144;146;1322;-1904;-5044;0x52a;0xf890;0xec4c;-2532;-1276;0xf61c;0xfb04
7;2;100;145;147;1322;386;1170;0x52a;0x182;0x492;-292;1064;0xfedc;0x428
7;2;101;148;150;-1285;482;-3920;0xfafb;0x1e2;0xf0b0;2060;-1096;0x80c;0xfbb8
7;2;101;149;151;-1285;1196;-376;0xfafb;0x4ac;0xfe88;1524;868;0x5f4;0x364
7;2;102;152;154;-1465;-47;-1127;0xfa47;0xffd1;0xfb99;1455;-1549;0x5af;0xf9f3
7;2;102;153;155;-1465;160;1371;0xfa47;0xa0;0x55b;-719;1039;0xfd31;0x40f
7;2;103;156;158;384;2909;-1325;0x180;0xb5d;0xfad3;3779;2039;0xec3;0x7f7
7;2;103;157;159;384;3138;-797;0x180;0xc42;0xfce3;3699;2577;0xe73;0xa11
7;2;104;160;162;-1215;-2604;-2210;0xfb41;0xf5d4;0xf75e;-1560;-3648;0xf9e8;0xf1c0
7;2;104;161;163;-1215;-4583;-3851;0xfb41;0xee19;0xf0f5;-3526;-5640;0xf23a;0xe9f8
7;2;105;164;166;-136;-2382;-4558;0xff78;0xf6b2;0xee32;-1611;-3153;0xf9b5;0xf3af
7;2;105;165;167;-136;-3489;-665;0xff78;0xf25f;0xfd67;-2568;-4410;0xf5f8;0xeec6
7;2;106;168;170;1218;-3114;-2531;0x4c2;0xf3d6;0xf61d;-4045;-2183;0xf033;0xf779
7;2;106;169;171;1218;-3783;1258;0x4c2;0xf139;0x4ea;-4141;-3425;0xefd3;0xf29f
7;2;107;172;174;-1335;-664;-245;0xfac9;0xfd68;0xff0b;295;-1623;0x127;0xf9a9
7;2;107;173;175;-1335;-593;-450;0xfac9;0xfdaf;0xfe3e;-1685;499;0xf96b;0x1f3
7;2;108;176;178;-874;-9;-485;0xfc96;0xfff7;0xfe1b;650;-668;0x28a;0xfd64
7;2;108;177;179;-874;-1295;3671;0xfc96;0xfaf1;0xe57;-2501;-89;0xf63b;0xffa7
7;2;109;180;182;220;139;-1091;0xdc;0x8b;0xfbbd;624;-346;0x270;0xfea6
7;2;109;181;183;220;-2697;3145;0xdc;0xf577;0xc49;-2722;-2672;0xf55e;0xf590
7;2;110;184;186;-1187;2029;2826;0xfb5d;0x7ed;0xb0a;3348;710;0xd14;0x2c6
7;2;110;185;187;-1187;27;-201;0xfb5d;0x1b;0xff37;382;-328;0x17e;0xfeb8
7;2;111;188;190;-1659;509;38;0xf985;0x1fd;0x26;-789;1807;0xfceb;0x70f
7;2;111;189;191;-1659;125;2645;0xf985;0x7d;0xa55;186;64;0xba;0x40
7;2;112;192;194;-1185;-1130;-1065;0xfb5f;0xfb96;0xfbd7;-1277;-983;0xfb03;0xfc29
7;2;112;193;195;-1185;1715;-748;0xfb5f;0x6b3;0xfd14;1593;1837;0x639;0x72d
7;2;113;196;198;-1530;1450;759;0xfa06;0x5aa;0x2f7;1357;1543;0x54d;0x607
7;2;113;197;199;-1530;-957;-1050;0xfa06;0xfc43;0xfbe6;-2381;467;0xf6b3;0x1d3
7;2;114;200;202;-1278;2412;-2767;0xfb02;0x96c;0xf531;2526;2298;0x9de;0x8fa
7;2;114;201;203;-1278;-728;1721;0xfb02;0xfd28;0x6b9;403;-1859;0x193;0xf8bd
7;2;115;204;206;794;500;561;0x31a;0x1f4;0x231;169;831;0xa9;0x33f
7;2;115;205;207;794;-354;1445;0x31a;0xfe9e;0x5a5;811;-1519;0x32b;0xfa11
7;2;116;208;210;-1510;1195;653;0xfa1a;0x4ab;0x28d;1878;512;0x756;0x200
7;2;116;209;211;-1510;-1744;-566;0xfa1a;0xf930;0xfdca;-2856;-632;0xf4d8;0xfd88
7;2;117;212;214;-854;-533;-1285;0xfcaa;0xfdeb;0xfafb;-213;-853;0xff2b;0xfcab
7;2;117;213;215;-854;1572;2116;0xfcaa;0x624;0x844;229;2915;0xe5;0xb63
7;2;118;216;218;-870;-1895;-1919;0xfc9a;0xf899;0xf881;-720;-3070;0xfd30;0xf402
7;2;118;217;219;-870;2420;1437;0xfc9a;0x974;0x59d;1953;2887;0x7a1;0xb47
7;2;119;220;222;478;-3607;-1289;0x1de;0xf1e9;0xfaf7;-3814;-3400;0xf11a;0xf2b8
7;2;119;221;223;478;-852;205;0x1de;0xfcac;0xcd;-2317;613;0xf6f3;0x265
7;2;120;224;226;-108;-249;1732;0xff94;0xff07;0x6c4;-529;31;0xfdef;0x1f
7;2;120;225;227;-108;1164;531;0xff94;0x48c;0x213;71;2257;0x47;0x8d1
7;2;121;228;230;-308;1721;1382;0xfecc;0x6b9;0x566;2218;1224;0x8aa;0x4c8
7;2;121;229;231;-308;-1996;-1453;0xfecc;0xf834;0xfa53;-1991;-2001;0xf839;0xf82f
7;2;122;232;234;996;757;-736;0x3e4;0x2f5;0xfd20;-301;1815;0xfed3;0x717
7;2;122;233;235;996;476;-3943;0x3e4;0x1dc;0xf099;1674;-722;0x68a;0xfd2e
7;2;123;236;238;991;2591;450;0x3df;0xa1f;0x1c2;2910;2272;0xb5e;0x8e0
7;2;123;237;239;991;264;-947;0x3df;0x108;0xfc4d;1198;-670;0x4ae;0xfd62
7;2;124;240;242;958;986;-2402;0x3be;0x3da;0xf69e;-496;2468;0xfe10;0x9a4
7;2;124;241;243;958;1863;-2753;0x3be;0x747;0xf53f;2138;1588;0x85a;0x634
7;2;125;244;246;-1460;422;-1212;0xfa4c;0x1a6;0xfb44;1903;-1059;0x76f;0xfbdd
7;2;125;245;247;-1460;4337;-401;0xfa4c;0x10f1;0xfe6f;5868;2806;0x16ec;0xaf6
7;2;126;248;250;1522;-2491;-2754;0x5f2;0xf645;0xf53e;-2953;-2029;0xf477;0xf813
7;2;126;249;251;1522;3561;-3370;0x5f2;0xde9;0xf2d6;3895;3227;0xf37;0xc9b
7;2;127;252;254;1628;-2769;-3724;0x65c;0xf52f;0xf174;-1375;-4163;0xfaa1;0xefbd
7;2;127;253;255;1628;571;-4176;0x65c;0x23b;0xefb0;425;717;0x1a9;0x2cd